Workbook

Sheet Pascal
A1: =IF(ISBLANK(Termine!B1),"",Termine!B1) -> Datum | B1: =IF(ISBLANK(Termine!C1),"",Termine!C1) -> Wochentag | C1: =IF(ISBLANK(Termine!D1),"",Termine!D1) -> Pascal Fäthke | D1: Projekt/Ordner | E1: =IF(ISBLANK(Termine!G1),"",Termine!G1) -> Adresse | F1: =IF(ISBLANK(Termine!H1),"",Termine!H1) -> Ansprechpartner | G1: =IF(ISBLANK(Termine!I1),"",Termine!I1) -> Auftrag | H1: =IF(ISBLANK(Termine!J1),"",Termine!J1) -> Bemerkungen
A2: =termine!#ref! -> #NAME? | B2: =IF(ISBLANK(termine!#ref!),"",termine!#ref!) -> #NAME? | C2: =IF(ISBLANK(termine!#ref!),"",termine!#ref!) -> #NAME? | D2: =IF(ISBLANK(termine!#ref!),"",termine!#ref!) -> #NAME? | E2: =IF(ISBLANK(termine!#ref!),"",termine!#ref!) -> #NAME? | F2: =IF(ISBLANK(termine!#ref!),"",termine!#ref!) -> #NAME? | G2: =IF(ISBLANK(termine!#ref!),"",termine!#ref!) -> #NAME? | H2: =IF(ISBLANK(termine!#ref!),"",termine!#ref!) -> #NAME?
A3: =termine!#ref! -> #NAME? | B3: =IF(ISBLANK(termine!#ref!),"",termine!#ref!) -> #NAME? | C3: =IF(ISBLANK(termine!#ref!),"",termine!#ref!) -> #NAME? | D3: =IF(ISBLANK(termine!#ref!),"",termine!#ref!) -> #NAME? | E3: =IF(ISBLANK(termine!#ref!),"",termine!#ref!) -> #NAME? | F3: =IF(ISBLANK(termine!#ref!),"",termine!#ref!) -> #NAME? | G3: =IF(ISBLANK(termine!#ref!),"",termine!#ref!) -> #NAME? | H3: =IF(ISBLANK(termine!#ref!),"",termine!#ref!) -> #NAME?
A4: =termine!#ref! -> #NAME? | B4: =IF(ISBLANK(termine!#ref!),"",termine!#ref!) -> #NAME? | C4: =IF(ISBLANK(termine!#ref!),"",termine!#ref!) -> #NAME? | D4: =IF(ISBLANK(termine!#ref!),"",termine!#ref!) -> #NAME? | E4: =IF(ISBLANK(termine!#ref!),"",termine!#ref!) -> #NAME? | F4: =IF(ISBLANK(termine!#ref!),"",termine!#ref!) -> #NAME? | G4: =IF(ISBLANK(termine!#ref!),"",termine!#ref!) -> #NAME? | H4: =IF(ISBLANK(termine!#ref!),"",termine!#ref!) -> #NAME?
A5: =termine!#ref! -> #NAME? | B5: =IF(ISBLANK(termine!#ref!),"",termine!#ref!) -> #NAME? | C5: =IF(ISBLANK(termine!#ref!),"",termine!#ref!) -> #NAME? | D5: =IF(ISBLANK(termine!#ref!),"",termine!#ref!) -> #NAME? | E5: =IF(ISBLANK(termine!#ref!),"",termine!#ref!) -> #NAME? | F5: =IF(ISBLANK(termine!#ref!),"",termine!#ref!) -> #NAME? | G5: =IF(ISBLANK(termine!#ref!),"",termine!#ref!) -> #NAME? | H5: =IF(ISBLANK(termine!#ref!),"",termine!#ref!) -> #NAME?
A6: =termine!#ref! -> #NAME? | B6: =IF(ISBLANK(termine!#ref!),"",termine!#ref!) -> #NAME? | C6: =IF(ISBLANK(termine!#ref!),"",termine!#ref!) -> #NAME? | D6: =IF(ISBLANK(termine!#ref!),"",termine!#ref!) -> #NAME? | E6: =IF(ISBLANK(termine!#ref!),"",termine!#ref!) -> #NAME? | F6: =IF(ISBLANK(termine!#ref!),"",termine!#ref!) -> #NAME? | G6: =IF(ISBLANK(termine!#ref!),"",termine!#ref!) -> #NAME? | H6: =IF(ISBLANK(termine!#ref!),"",termine!#ref!) -> #NAME?
A7: =termine!#ref! -> #NAME? | B7: =IF(ISBLANK(termine!#ref!),"",termine!#ref!) -> #NAME? | C7: =IF(ISBLANK(termine!#ref!),"",termine!#ref!) -> #NAME? | D7: =IF(ISBLANK(termine!#ref!),"",termine!#ref!) -> #NAME? | E7: =IF(ISBLANK(termine!#ref!),"",termine!#ref!) -> #NAME? | F7: =IF(ISBLANK(termine!#ref!),"",termine!#ref!) -> #NAME? | G7: =IF(ISBLANK(termine!#ref!),"",termine!#ref!) -> #NAME? | H7: =IF(ISBLANK(termine!#ref!),"",termine!#ref!) -> #NAME?
A8: =termine!#ref! -> #NAME? | B8: =IF(ISBLANK(termine!#ref!),"",termine!#ref!) -> #NAME? | C8: =IF(ISBLANK(termine!#ref!),"",termine!#ref!) -> #NAME? | D8: =IF(ISBLANK(termine!#ref!),"",termine!#ref!) -> #NAME? | E8: =IF(ISBLANK(termine!#ref!),"",termine!#ref!) -> #NAME? | F8: =IF(ISBLANK(termine!#ref!),"",termine!#ref!) -> #NAME? | G8: =IF(ISBLANK(termine!#ref!),"",termine!#ref!) -> #NAME? | H8: =IF(ISBLANK(termine!#ref!),"",termine!#ref!) -> #NAME?
A9: =termine!#ref! -> #NAME? | B9: =IF(ISBLANK(termine!#ref!),"",termine!#ref!) -> #NAME? | C9: =IF(ISBLANK(termine!#ref!),"",termine!#ref!) -> #NAME? | D9: =IF(ISBLANK(termine!#ref!),"",termine!#ref!) -> #NAME? | E9: =IF(ISBLANK(termine!#ref!),"",termine!#ref!) -> #NAME? | F9: =IF(ISBLANK(termine!#ref!),"",termine!#ref!) -> #NAME? | G9: =IF(ISBLANK(termine!#ref!),"",termine!#ref!) -> #NAME? | H9: =IF(ISBLANK(termine!#ref!),"",termine!#ref!) -> #NAME?
A10: =termine!#ref! -> #NAME? | B10: =IF(ISBLANK(termine!#ref!),"",termine!#ref!) -> #NAME? | C10: =IF(ISBLANK(termine!#ref!),"",termine!#ref!) -> #NAME? | D10: =IF(ISBLANK(termine!#ref!),"",termine!#ref!) -> #NAME? | E10: =IF(ISBLANK(termine!#ref!),"",termine!#ref!) -> #NAME? | F10: =IF(ISBLANK(termine!#ref!),"",termine!#ref!) -> #NAME? | G10: =IF(ISBLANK(termine!#ref!),"",termine!#ref!) -> #NAME? | H10: =IF(ISBLANK(termine!#ref!),"",termine!#ref!) -> #NAME?
A11: =termine!#ref! -> #NAME? | B11: =IF(ISBLANK(termine!#ref!),"",termine!#ref!) -> #NAME? | C11: =IF(ISBLANK(termine!#ref!),"",termine!#ref!) -> #NAME? | D11: =IF(ISBLANK(termine!#ref!),"",termine!#ref!) -> #NAME? | E11: =IF(ISBLANK(termine!#ref!),"",termine!#ref!) -> #NAME? | F11: =IF(ISBLANK(termine!#ref!),"",termine!#ref!) -> #NAME? | G11: =IF(ISBLANK(termine!#ref!),"",termine!#ref!) -> #NAME? | H11: =IF(ISBLANK(termine!#ref!),"",termine!#ref!) -> #NAME?
A12: =termine!#ref! -> #NAME? | B12: =IF(ISBLANK(termine!#ref!),"",termine!#ref!) -> #NAME? | C12: =IF(ISBLANK(termine!#ref!),"",termine!#ref!) -> #NAME? | D12: =IF(ISBLANK(termine!#ref!),"",termine!#ref!) -> #NAME? | E12: =IF(ISBLANK(termine!#ref!),"",termine!#ref!) -> #NAME? | F12: =IF(ISBLANK(termine!#ref!),"",termine!#ref!) -> #NAME? | G12: =IF(ISBLANK(termine!#ref!),"",termine!#ref!) -> #NAME? | H12: =IF(ISBLANK(termine!#ref!),"",termine!#ref!) -> #NAME?
A13: =termine!#ref! -> #NAME? | B13: =IF(ISBLANK(termine!#ref!),"",termine!#ref!) -> #NAME? | C13: =IF(ISBLANK(termine!#ref!),"",termine!#ref!) -> #NAME? | D13: =IF(ISBLANK(termine!#ref!),"",termine!#ref!) -> #NAME? | E13: =IF(ISBLANK(termine!#ref!),"",termine!#ref!) -> #NAME? | F13: =IF(ISBLANK(termine!#ref!),"",termine!#ref!) -> #NAME? | G13: =IF(ISBLANK(termine!#ref!),"",termine!#ref!) -> #NAME? | H13: =IF(ISBLANK(termine!#ref!),"",termine!#ref!) -> #NAME?
... A126: =termine!#ref! -> #NAME? | B126: =IF(ISBLANK(termine!#ref!),"",termine!#ref!) -> #NAME? | C126: =IF(ISBLANK(termine!#ref!),"",termine!#ref!) -> #NAME? | D126: =IF(ISBLANK(termine!#ref!),"",termine!#ref!) -> #NAME? | E126: =IF(ISBLANK(termine!#ref!),"",termine!#ref!) -> #NAME? | F126: =IF(ISBLANK(termine!#ref!),"",termine!#ref!) -> #NAME? | G126: =IF(ISBLANK(termine!#ref!),"",termine!#ref!) -> #NAME? | H126: =IF(ISBLANK(termine!#ref!),"",termine!#ref!) -> #NAME?
A127: =termine!#ref! -> #NAME? | B127: =IF(ISBLANK(termine!#ref!),"",termine!#ref!) -> #NAME? | C127: =IF(ISBLANK(termine!#ref!),"",termine!#ref!) -> #NAME? | D127: =wennd130(ISBLANK(termine!#ref!),"",termine!#ref!) -> #NAME? | E127: =IF(ISBLANK(termine!#ref!),"",termine!#ref!) -> #NAME? | F127: =IF(ISBLANK(termine!#ref!),"",termine!#ref!) -> #NAME? | G127: =IF(ISBLANK(termine!#ref!),"",termine!#ref!) -> #NAME? | H127: =IF(ISBLANK(termine!#ref!),"",termine!#ref!) -> #NAME?
A128: =termine!#ref! -> #NAME? | B128: =IF(ISBLANK(termine!#ref!),"",termine!#ref!) -> #NAME? | C128: =IF(ISBLANK(termine!#ref!),"",termine!#ref!) -> #NAME? | D128: =IF(ISBLANK(termine!#ref!),"",termine!#ref!) -> #NAME? | E128: =IF(ISBLANK(termine!#ref!),"",termine!#ref!) -> #NAME? | F128: =IF(ISBLANK(termine!#ref!),"",termine!#ref!) -> #NAME? | G128: =IF(ISBLANK(termine!#ref!),"",termine!#ref!) -> #NAME? | H128: =IF(ISBLANK(termine!#ref!),"",termine!#ref!) -> #NAME?
A129: =termine!#ref! -> #NAME? | B129: =IF(ISBLANK(termine!#ref!),"",termine!#ref!) -> #NAME? | C129: =IF(ISBLANK(termine!#ref!),"",termine!#ref!) -> #NAME? | D129: =IF(ISBLANK(termine!#ref!),"",termine!#ref!) -> #NAME? | E129: =IF(ISBLANK(termine!#ref!),"",termine!#ref!) -> #NAME? | F129: =IF(ISBLANK(termine!#ref!),"",termine!#ref!) -> #NAME? | G129: =IF(ISBLANK(termine!#ref!),"",termine!#ref!) -> #NAME? | H129: =IF(ISBLANK(termine!#ref!),"",termine!#ref!) -> #NAME?
A130: =termine!#ref! -> #NAME? | B130: =IF(ISBLANK(termine!#ref!),"",termine!#ref!) -> #NAME? | C130: =IF(ISBLANK(termine!#ref!),"",termine!#ref!) -> #NAME? | D130: =IF(ISBLANK(termine!#ref!),"",termine!#ref!) -> #NAME? | E130: =IF(ISBLANK(termine!#ref!),"",termine!#ref!) -> #NAME? | F130: =IF(ISBLANK(termine!#ref!),"",termine!#ref!) -> #NAME? | G130: =IF(ISBLANK(termine!#ref!),"",termine!#ref!) -> #NAME? | H130: =IF(ISBLANK(termine!#ref!),"",termine!#ref!) -> #NAME?
A131: =termine!#ref! -> #NAME? | B131: =IF(ISBLANK(termine!#ref!),"",termine!#ref!) -> #NAME? | C131: =IF(ISBLANK(termine!#ref!),"",termine!#ref!) -> #NAME? | D131: =IF(ISBLANK(termine!#ref!),"",termine!#ref!) -> #NAME? | E131: =IF(ISBLANK(termine!#ref!),"",termine!#ref!) -> #NAME? | F131: =IF(ISBLANK(termine!#ref!),"",termine!#ref!) -> #NAME? | G131: =IF(ISBLANK(termine!#ref!),"",termine!#ref!) -> #NAME? | H131: =IF(ISBLANK(termine!#ref!),"",termine!#ref!) -> #NAME?
A132: =termine!#ref! -> #NAME? | B132: =IF(ISBLANK(termine!#ref!),"",termine!#ref!) -> #NAME? | C132: =IF(ISBLANK(termine!#ref!),"",termine!#ref!) -> #NAME? | D132: =IF(ISBLANK(termine!#ref!),"",termine!#ref!) -> #NAME? | E132: =IF(ISBLANK(termine!#ref!),"",termine!#ref!) -> #NAME? | F132: =IF(ISBLANK(termine!#ref!),"",termine!#ref!) -> #NAME? | G132: =IF(ISBLANK(termine!#ref!),"",termine!#ref!) -> #NAME? | H132: =IF(ISBLANK(termine!#ref!),"",termine!#ref!) -> #NAME?
A133: =termine!#ref! -> #NAME? | B133: =IF(ISBLANK(termine!#ref!),"",termine!#ref!) -> #NAME? | C133: =IF(ISBLANK(termine!#ref!),"",termine!#ref!) -> #NAME? | D133: =IF(ISBLANK(termine!#ref!),"",termine!#ref!) -> #NAME? | E133: =IF(ISBLANK(termine!#ref!),"",termine!#ref!) -> #NAME? | F133: =IF(ISBLANK(termine!#ref!),"",termine!#ref!) -> #NAME? | G133: =IF(ISBLANK(termine!#ref!),"",termine!#ref!) -> #NAME? | H133: =IF(ISBLANK(termine!#ref!),"",termine!#ref!) -> #NAME?
A134: =termine!#ref! -> #NAME? | B134: =IF(ISBLANK(termine!#ref!),"",termine!#ref!) -> #NAME? | C134: =IF(ISBLANK(termine!#ref!),"",termine!#ref!) -> #NAME? | D134: =IF(ISBLANK(termine!#ref!),"",termine!#ref!) -> #NAME? | E134: =IF(ISBLANK(termine!#ref!),"",termine!#ref!) -> #NAME? | F134: =IF(ISBLANK(termine!#ref!),"",termine!#ref!) -> #NAME? | G134: =IF(ISBLANK(termine!#ref!),"",termine!#ref!) -> #NAME? | H134: =IF(ISBLANK(termine!#ref!),"",termine!#ref!) -> #NAME?
A135: =termine!#ref! -> #NAME? | B135: =IF(ISBLANK(termine!#ref!),"",termine!#ref!) -> #NAME? | C135: =IF(ISBLANK(termine!#ref!),"",termine!#ref!) -> #NAME? | D135: =IF(ISBLANK(termine!#ref!),"",termine!#ref!) -> #NAME? | E135: =IF(ISBLANK(termine!#ref!),"",termine!#ref!) -> #NAME? | F135: =IF(ISBLANK(termine!#ref!),"",termine!#ref!) -> #NAME? | G135: =IF(ISBLANK(termine!#ref!),"",termine!#ref!) -> #NAME? | H135: =IF(ISBLANK(termine!#ref!),"",termine!#ref!) -> #NAME?
A136: =termine!#ref! -> #NAME? | B136: =IF(ISBLANK(termine!#ref!),"",termine!#ref!) -> #NAME? | C136: =IF(ISBLANK(termine!#ref!),"",termine!#ref!) -> #NAME? | D136: =IF(ISBLANK(termine!#ref!),"",termine!#ref!) -> #NAME? | E136: =IF(ISBLANK(termine!#ref!),"",termine!#ref!) -> #NAME? | F136: =IF(ISBLANK(termine!#ref!),"",termine!#ref!) -> #NAME? | G136: =IF(ISBLANK(termine!#ref!),"",termine!#ref!) -> #NAME? | H136: =IF(ISBLANK(termine!#ref!),"",termine!#ref!) -> #NAME?
A137: =termine!#ref! -> #NAME? | B137: =IF(ISBLANK(termine!#ref!),"",termine!#ref!) -> #NAME? | C137: =IF(ISBLANK(termine!#ref!),"",termine!#ref!) -> #NAME? | D137: =IF(ISBLANK(termine!#ref!),"",termine!#ref!) -> #NAME? | E137: =IF(ISBLANK(termine!#ref!),"",termine!#ref!) -> #NAME? | F137: =IF(ISBLANK(termine!#ref!),"",termine!#ref!) -> #NAME? | G137: =IF(ISBLANK(termine!#ref!),"",termine!#ref!) -> #NAME? | H137: =IF(ISBLANK(termine!#ref!),"",termine!#ref!) -> #NAME?
A138: =termine!#ref! -> #NAME? | B138: =IF(ISBLANK(termine!#ref!),"",termine!#ref!) -> #NAME? | C138: =IF(ISBLANK(termine!#ref!),"",termine!#ref!) -> #NAME? | D138: =IF(ISBLANK(termine!#ref!),"",termine!#ref!) -> #NAME? | E138: =IF(ISBLANK(termine!#ref!),"",termine!#ref!) -> #NAME? | F138: =IF(ISBLANK(termine!#ref!),"",termine!#ref!) -> #NAME? | G138: =IF(ISBLANK(termine!#ref!),"",termine!#ref!) -> #NAME? | H138: =IF(ISBLANK(termine!#ref!),"",termine!#ref!) -> #NAME?
A139: =termine!#ref! -> #NAME? | B139: =IF(ISBLANK(termine!#ref!),"",termine!#ref!) -> #NAME? | C139: =IF(ISBLANK(termine!#ref!),"",termine!#ref!) -> #NAME? | D139: =IF(ISBLANK(termine!#ref!),"",termine!#ref!) -> #NAME? | E139: =IF(ISBLANK(termine!#ref!),"",termine!#ref!) -> #NAME? | F139: =IF(ISBLANK(termine!#ref!),"",termine!#ref!) -> #NAME? | G139: =IF(ISBLANK(termine!#ref!),"",termine!#ref!) -> #NAME? | H139: =IF(ISBLANK(termine!#ref!),"",termine!#ref!) -> #NAME?
... A190: =termine!#ref! -> #NAME? | B190: =IF(ISBLANK(termine!#ref!),"",termine!#ref!) -> #NAME? | C190: =IF(ISBLANK(termine!#ref!),"",termine!#ref!) -> #NAME? | D190: =IF(ISBLANK(termine!#ref!),"",termine!#ref!) -> #NAME? | E190: =IF(ISBLANK(termine!#ref!),"",termine!#ref!) -> #NAME? | F190: =IF(ISBLANK(termine!#ref!),"",termine!#ref!) -> #NAME? | G190: =IF(ISBLANK(termine!#ref!),"",termine!#ref!) -> #NAME? | H190: =IF(ISBLANK(termine!#ref!),"",termine!#ref!) -> #NAME?
A191: =Termine!B2 -> 46023 | B191: =IF(ISBLANK(Termine!C2),"",Termine!C2) -> Donnerstag | C191: =IF(ISBLANK(Termine!D2),"",Termine!D2) -> Feiertag | D191: =IF(ISBLANK(Termine!F2),"",Termine!F2) | E191: =IF(ISBLANK(Termine!G2),"",Termine!G2) | F191: =IF(ISBLANK(Termine!H2),"",Termine!H2) | G191: =IF(ISBLANK(Termine!I2),"",Termine!I2) | H191: =IF(ISBLANK(Termine!J2),"",Termine!J2)
A192: =Termine!B3 -> 46024 | B192: =IF(ISBLANK(Termine!C3),"",Termine!C3) -> Freitag | C192: =IF(ISBLANK(Termine!D3),"",Termine!D3) -> frei | D192: =IF(ISBLANK(Termine!F3),"",Termine!F3) | E192: =IF(ISBLANK(Termine!G3),"",Termine!G3) | F192: =IF(ISBLANK(Termine!H3),"",Termine!H3) | G192: =IF(ISBLANK(Termine!I3),"",Termine!I3) | H192: =IF(ISBLANK(Termine!J3),"",Termine!J3)
A194: =Termine!B5 -> 46026 | B194: =IF(ISBLANK(Termine!C5),"",Termine!C5) -> Sonntag | C194: =IF(ISBLANK(Termine!D5),"",Termine!D5) | D194: =IF(ISBLANK(Termine!F5),"",Termine!F5) | E194: =IF(ISBLANK(Termine!G5),"",Termine!G5) | F194: =IF(ISBLANK(Termine!H5),"",Termine!H5) | G194: =IF(ISBLANK(Termine!I5),"",Termine!I5) | H194: =IF(ISBLANK(Termine!J5),"",Termine!J5)
A195: =Termine!B6 -> 46027 | B195: =IF(ISBLANK(Termine!C6),"",Termine!C6) -> Montag | C195: =IF(ISBLANK(Termine!D6),"",Termine!D6) -> frei | D195: =IF(ISBLANK(Termine!F6),"",Termine!F6) | E195: =IF(ISBLANK(Termine!G6),"",Termine!G6) | F195: =IF(ISBLANK(Termine!H6),"",Termine!H6) | G195: =IF(ISBLANK(Termine!I6),"",Termine!I6) | H195: =IF(ISBLANK(Termine!J6),"",Termine!J6)
A196: =Termine!B7 -> 46028 | B196: =IF(ISBLANK(Termine!C7),"",Termine!C7) -> Dienstag | C196: =IF(ISBLANK(Termine!D7),"",Termine!D7) -> Feiertag | D196: =IF(ISBLANK(Termine!F7),"",Termine!F7) | E196: =IF(ISBLANK(Termine!G7),"",Termine!G7) | F196: =IF(ISBLANK(Termine!H7),"",Termine!H7) | G196: =IF(ISBLANK(Termine!I7),"",Termine!I7) | H196: =IF(ISBLANK(Termine!J7),"",Termine!J7)
A197: =Termine!B8 -> 46029 | B197: =IF(ISBLANK(Termine!C8),"",Termine!C8) -> Mittwoch | C197: =IF(ISBLANK(Termine!D8),"",Termine!D8) -> frei | D197: =IF(ISBLANK(Termine!F8),"",Termine!F8) | E197: =IF(ISBLANK(Termine!G8),"",Termine!G8) | F197: =IF(ISBLANK(Termine!H8),"",Termine!H8) | G197: =IF(ISBLANK(Termine!I8),"",Termine!I8) | H197: =IF(ISBLANK(Termine!J8),"",Termine!J8)
A198: =Termine!B9 -> 46030 | B198: =IF(ISBLANK(Termine!C9),"",Termine!C9) -> Donnerstag | C198: =IF(ISBLANK(Termine!D9),"",Termine!D9) -> frei | D198: =IF(ISBLANK(Termine!F9),"",Termine!F9) | E198: =IF(ISBLANK(Termine!G9),"",Termine!G9) | F198: =IF(ISBLANK(Termine!H9),"",Termine!H9) | G198: =IF(ISBLANK(Termine!I9),"",Termine!I9) | H198: =IF(ISBLANK(Termine!J9),"",Termine!J9)
A199: =Termine!B10 -> 46031 | B199: =IF(ISBLANK(Termine!C10),"",Termine!C10) -> Freitag | C199: =IF(ISBLANK(Termine!D10),"",Termine!D10) -> frei | D199: =IF(ISBLANK(Termine!F10),"",Termine!F10) | E199: =IF(ISBLANK(Termine!G10),"",Termine!G10) | F199: =IF(ISBLANK(Termine!H10),"",Termine!H10) | G199: =IF(ISBLANK(Termine!I10),"",Termine!I10) | H199: =IF(ISBLANK(Termine!J10),"",Termine!J10)
A200: =Termine!B11 -> 46032 | B200: =IF(ISBLANK(Termine!C11),"",Termine!C11) -> Samstag | C200: =IF(ISBLANK(Termine!D11),"",Termine!D11) | D200: =IF(ISBLANK(Termine!F11),"",Termine!F11) | E200: =IF(ISBLANK(Termine!G11),"",Termine!G11) | F200: =IF(ISBLANK(Termine!H11),"",Termine!H11) | G200: =IF(ISBLANK(Termine!I11),"",Termine!I11) | H200: =IF(ISBLANK(Termine!J11),"",Termine!J11)
A202: =Termine!B13 -> 46034 | B202: =IF(ISBLANK(Termine!C13),"",Termine!C13) -> Montag | C202: =IF(ISBLANK(Termine!D13),"",Termine!D13) -> frei | D202: =IF(ISBLANK(Termine!F13),"",Termine!F13) | E202: =IF(ISBLANK(Termine!G13),"",Termine!G13) | F202: =IF(ISBLANK(Termine!H13),"",Termine!H13) | G202: =IF(ISBLANK(Termine!I13),"",Termine!I13) | H202: =IF(ISBLANK(Termine!J13),"",Termine!J13)
A203: =Termine!B14 -> 46035 | B203: =IF(ISBLANK(Termine!C14),"",Termine!C14) -> Dienstag | C203: =IF(ISBLANK(Termine!D14),"",Termine!D14) -> frei | D203: =IF(ISBLANK(Termine!F14),"",Termine!F14) | E203: =IF(ISBLANK(Termine!G14),"",Termine!G14) | F203: =IF(ISBLANK(Termine!H14),"",Termine!H14) | G203: =IF(ISBLANK(Termine!I14),"",Termine!I14) | H203: =IF(ISBLANK(Termine!J14),"",Termine!J14)
A204: =Termine!B15 -> 46036 | B204: =IF(ISBLANK(Termine!C15),"",Termine!C15) -> Mittwoch | C204: =IF(ISBLANK(Termine!D15),"",Termine!D15) -> frei | D204: =IF(ISBLANK(Termine!F15),"",Termine!F15) | E204: =IF(ISBLANK(Termine!G15),"",Termine!G15) | F204: =IF(ISBLANK(Termine!H15),"",Termine!H15) | G204: =IF(ISBLANK(Termine!I15),"",Termine!I15) | H204: =IF(ISBLANK(Termine!J15),"",Termine!J15)
A205: =termine!#ref! -> #NAME? | B205: =IF(ISBLANK(termine!#ref!),"",termine!#ref!) -> #NAME? | C205: =IF(ISBLANK(termine!#ref!),"",termine!#ref!) -> #NAME? | D205: =IF(ISBLANK(termine!#ref!),"",termine!#ref!) -> #NAME? | E205: =IF(ISBLANK(termine!#ref!),"",termine!#ref!) -> #NAME? | F205: =IF(ISBLANK(termine!#ref!),"",termine!#ref!) -> #NAME? | G205: =IF(ISBLANK(termine!#ref!),"",termine!#ref!) -> #NAME? | H205: =IF(ISBLANK(termine!#ref!),"",termine!#ref!) -> #NAME?
A206: =Termine!B17 -> 46038 | B206: =IF(ISBLANK(Termine!C17),"",Termine!C17) -> Freitag | C206: =IF(ISBLANK(Termine!D17),"",Termine!D17) -> interner Feiertag | D206: =IF(ISBLANK(Termine!F17),"",Termine!F17) | E206: =IF(ISBLANK(Termine!G17),"",Termine!G17) | F206: =IF(ISBLANK(Termine!H17),"",Termine!H17) | G206: =IF(ISBLANK(Termine!I17),"",Termine!I17) | H206: =IF(ISBLANK(Termine!J17),"",Termine!J17)
A207: =Termine!B18 -> 46039 | B207: =IF(ISBLANK(Termine!C18),"",Termine!C18) -> Samstag | C207: =IF(ISBLANK(Termine!D18),"",Termine!D18) | D207: =IF(ISBLANK(Termine!F18),"",Termine!F18) | E207: =IF(ISBLANK(Termine!G18),"",Termine!G18) | F207: =IF(ISBLANK(Termine!H18),"",Termine!H18) | G207: =IF(ISBLANK(Termine!I18),"",Termine!I18) | H207: =IF(ISBLANK(Termine!J18),"",Termine!J18)
A208: =Termine!B19 -> 46040 | B208: =IF(ISBLANK(Termine!C19),"",Termine!C19) -> Sonntag | C208: =IF(ISBLANK(Termine!D19),"",Termine!D19) | D208: =IF(ISBLANK(Termine!F19),"",Termine!F19) | E208: =IF(ISBLANK(Termine!G19),"",Termine!G19) | F208: =IF(ISBLANK(Termine!H19),"",Termine!H19) | G208: =IF(ISBLANK(Termine!I19),"",Termine!I19) | H208: =IF(ISBLANK(Termine!J19),"",Termine!J19)
A209: =Termine!B20 -> 46041 | D209: =IF(ISBLANK(Termine!F20),"",Termine!F20) -> Ratzeburg??? | E209: =IF(ISBLANK(Termine!G20),"",Termine!G20) | F209: =IF(ISBLANK(Termine!H20),"",Termine!H20) -> RNP solar | G209: =IF(ISBLANK(Termine!I20),"",Termine!I20) | H209: =IF(ISBLANK(Termine!J20),"",Termine!J20) -> OHORN: Kannst du eine FW-Datei vorbereiten? Basis ist Bautzen von Herrn Kaltschnee
A210: =Termine!B21 -> 46042 | B210: =IF(ISBLANK(Termine!C21),"",Termine!C21) -> Dienstag | C210: =IF(ISBLANK(Termine!D21),"",Termine!D21) | D210: =IF(ISBLANK(Termine!F21),"",Termine!F21) -> Kleuterbach | E210: =IF(ISBLANK(Termine!G21),"",Termine!G21) -> Von Zuhause! | F210: =IF(ISBLANK(Termine!H21),"",Termine!H21) -> +49 173 3967263 Luca Happel; Isoblock - ERIK DIERSMANN +49 152 56461408 | G210: =IF(ISBLANK(Termine!I21),"",Termine!I21) -> Bittest Westenetz 30kV mit Jan RAuschenbach | H210: =IF(ISBLANK(Termine!J21),"",Termine!J21)
A211: =Termine!B22 -> 46043 | B211: =IF(ISBLANK(Termine!C22),"",Termine!C22) -> Mittwoch | C211: =IF(ISBLANK(Termine!D22),"",Termine!D22) | D211: =IF(ISBLANK(Termine!F22),"",Termine!F22) | E211: =IF(ISBLANK(Termine!G22),"",Termine!G22) | F211: =IF(ISBLANK(Termine!H22),"",Termine!H22) | G211: =IF(ISBLANK(Termine!I22),"",Termine!I22) | H211: =IF(ISBLANK(Termine!J22),"",Termine!J22)
A212: =Termine!B23 -> 46044 | B212: =IF(ISBLANK(Termine!C23),"",Termine!C23) -> Donnerstag | C212: =IF(ISBLANK(Termine!D23),"",Termine!D23) | D212: =IF(ISBLANK(Termine!F23),"",Termine!F23) -> Osterwieck und Schöppenstedt | E212: =IF(ISBLANK(Termine!G23),"",Termine!G23) | F212: =IF(ISBLANK(Termine!H23),"",Termine!H23) | G212: =IF(ISBLANK(Termine!I23),"",Termine!I23) -> Beendigung Bittest - IKIs kontrollieren! | H212: =IF(ISBLANK(Termine!J23),"",Termine!J23) -> SCHÖPPENSTEDT!!!
A213: =Termine!B24 -> 46045 | B213: =IF(ISBLANK(Termine!C24),"",Termine!C24) -> Freitag | C213: =IF(ISBLANK(Termine!D24),"",Termine!D24) | D213: =IF(ISBLANK(Termine!F24),"",Termine!F24) | E213: =IF(ISBLANK(Termine!G24),"",Termine!G24) | F213: =IF(ISBLANK(Termine!H24),"",Termine!H24) | G213: =IF(ISBLANK(Termine!I24),"",Termine!I24) | H213: =IF(ISBLANK(Termine!J24),"",Termine!J24)
A214: =Termine!B25 -> 46046 | B214: =IF(ISBLANK(Termine!C25),"",Termine!C25) -> Samstag | C214: =IF(ISBLANK(Termine!D25),"",Termine!D25) | D214: =IF(ISBLANK(Termine!F25),"",Termine!F25) | E214: =IF(ISBLANK(Termine!G25),"",Termine!G25) | F214: =IF(ISBLANK(Termine!H25),"",Termine!H25) | G214: =IF(ISBLANK(Termine!I25),"",Termine!I25) | H214: =IF(ISBLANK(Termine!J25),"",Termine!J25)
A215: =Termine!B26 -> 46047 | B215: =IF(ISBLANK(Termine!C26),"",Termine!C26) -> Sonntag | C215: =IF(ISBLANK(Termine!D26),"",Termine!D26) | D215: =IF(ISBLANK(Termine!F26),"",Termine!F26) | E215: =IF(ISBLANK(Termine!G26),"",Termine!G26) | F215: =IF(ISBLANK(Termine!H26),"",Termine!H26) | G215: =IF(ISBLANK(Termine!I26),"",Termine!I26) | H215: =IF(ISBLANK(Termine!J26),"",Termine!J26)
A216: =Termine!B27 -> 46048 | B216: =IF(ISBLANK(Termine!C27),"",Termine!C27) -> Montag | C216: =IF(ISBLANK(Termine!D27),"",Termine!D27) | D216: =IF(ISBLANK(Termine!F27),"",Termine!F27) -> Walshausen (Vinningen) | E216: =IF(ISBLANK(Termine!G27),"",Termine!G27) -> Fernzugriff | F216: =IF(ISBLANK(Termine!H27),"",Termine!H27) | G216: =IF(ISBLANK(Termine!I27),"",Termine!I27) -> Bittest neuer Regler nach Tausch (b4energy) → ab 10 Uhr | H216: =IF(ISBLANK(Termine!J27),"",Termine!J27)
A218: =Termine!B29 -> 46050 | B218: =IF(ISBLANK(Termine!C29),"",Termine!C29) -> Mittwoch | C218: =IF(ISBLANK(Termine!D29),"",Termine!D29) | D218: =IF(ISBLANK(Termine!F29),"",Termine!F29) -> Ardey Quelle | E218: =IF(ISBLANK(Termine!G29),"",Termine!G29) | F218: =IF(ISBLANK(Termine!H29),"",Termine!H29) | G218: =IF(ISBLANK(Termine!I29),"",Termine!I29) -> Bittest zw. 9-11 Uhr (Westnetz) | H218: =IF(ISBLANK(Termine!J29),"",Termine!J29) -> nach dem Bittest Ardey Quelle
A219: =Termine!B30 -> 46051 | B219: =IF(ISBLANK(Termine!C30),"",Termine!C30) -> Donnerstag | C219: =IF(ISBLANK(Termine!D30),"",Termine!D30) | D219: =IF(ISBLANK(Termine!F30),"",Termine!F30) -> Kleinseelheim | E219: =IF(ISBLANK(Termine!G30),"",Termine!G30) | F219: =IF(ISBLANK(Termine!H30),"",Termine!H30) -> Ratzeburg | G219: =IF(ISBLANK(Termine!I30),"",Termine!I30) -> Fernbefehl geben | H219: =IF(ISBLANK(Termine!J30),"",Termine!J30) -> Ab 9 Uhr // ab 10 Uhr
A220: =Termine!B31 -> 46052 | B220: =IF(ISBLANK(Termine!C31),"",Termine!C31) -> Freitag | C220: =IF(ISBLANK(Termine!D31),"",Termine!D31) | D220: =IF(ISBLANK(Termine!F31),"",Termine!F31) | E220: =IF(ISBLANK(Termine!G31),"",Termine!G31) | F220: =IF(ISBLANK(Termine!H31),"",Termine!H31) | G220: =IF(ISBLANK(Termine!I31),"",Termine!I31) | H220: =IF(ISBLANK(Termine!J31),"",Termine!J31)
A221: =Termine!B32 -> 46053 | B221: =IF(ISBLANK(Termine!C32),"",Termine!C32) -> Samstag | C221: =IF(ISBLANK(Termine!D32),"",Termine!D32) | D221: =IF(ISBLANK(Termine!F32),"",Termine!F32) | E221: =IF(ISBLANK(Termine!G32),"",Termine!G32) | F221: =IF(ISBLANK(Termine!H32),"",Termine!H32) | G221: =IF(ISBLANK(Termine!I32),"",Termine!I32) | H221: =IF(ISBLANK(Termine!J32),"",Termine!J32)
A222: =Termine!B33 -> 46054 | B222: =IF(ISBLANK(Termine!C33),"",Termine!C33) -> Sonntag | C222: =IF(ISBLANK(Termine!D33),"",Termine!D33) | D222: =IF(ISBLANK(Termine!F33),"",Termine!F33) | E222: =IF(ISBLANK(Termine!G33),"",Termine!G33) | F222: =IF(ISBLANK(Termine!H33),"",Termine!H33) | G222: =IF(ISBLANK(Termine!I33),"",Termine!I33) | H222: =IF(ISBLANK(Termine!J33),"",Termine!J33)
... A280: =Termine!B91 -> 46112 | B280: =IF(ISBLANK(Termine!C91),"",Termine!C91) -> Dienstag | C280: =IF(ISBLANK(Termine!D91),"",Termine!D91) -> 2025-9 Tesla Bautzen KK! | D280: =IF(ISBLANK(Termine!F91),"",Termine!F91) -> Tesla LIS Bautzen | E280: =IF(ISBLANK(Termine!G91),"",Termine!G91) -> 02625 Bautzen, Niederkainer Str. 14 | F280: =IF(ISBLANK(Termine!H91),"",Termine!H91) -> Marko Wrobleeski 0160/3656541 | G280: =IF(ISBLANK(Termine!I91),"",Termine!I91) -> Bittest 9:00 | H280: =IF(ISBLANK(Termine!J91),"",Termine!J91) -> Es gibt keine projektspezifische Datenpunktliste, nur die aus der Netzrichtlinie 8. Bitte reichlich Zeit mitbringen, gestern haben beim Nachtesten Meldungen vom Schutz Richtung FWA nicht funktioniert.
A282: =Termine!B93 -> 46114 | B282: =IF(ISBLANK(Termine!C93),"",Termine!C93) -> Donnerstag | C282: =IF(ISBLANK(Termine!H93),"",Termine!H93) | D282: =IF(ISBLANK(Termine!J93),"",Termine!J93) -> Herr Dennis Mahnke 0173-7955960 | E282: =IF(ISBLANK(Termine!K93),"",Termine!K93) -> x | F282: =IF(ISBLANK(Termine!H93),"",Termine!H93) | G282: =IF(ISBLANK(Termine!I93),"",Termine!I93) -> Bittest vor Ort | H282: =IF(ISBLANK(Termine!J93),"",Termine!J93) -> Herr Dennis Mahnke 0173-7955960
A283: =Termine!B94 -> 46115 | B283: =IF(ISBLANK(Termine!C94),"",Termine!C94) -> .- | C283: =IF(ISBLANK(Termine!D94),"",Termine!D94) | D283: =IF(ISBLANK(Termine!F94),"",Termine!F94) | E283: =IF(ISBLANK(Termine!G94),"",Termine!G94) | F283: =IF(ISBLANK(Termine!H94),"",Termine!H94) | G283: =IF(ISBLANK(Termine!I94),"",Termine!I94) | H283: =IF(ISBLANK(Termine!J94),"",Termine!J94)
A284: =Termine!B95 -> 46116 | B284: =IF(ISBLANK(Termine!C95),"",Termine!C95) -> Samstag | C284: =IF(ISBLANK(Termine!D95),"",Termine!D95) | D284: =IF(ISBLANK(Termine!F95),"",Termine!F95) | E284: =IF(ISBLANK(Termine!G95),"",Termine!G95) | F284: =IF(ISBLANK(Termine!H95),"",Termine!H95) | G284: =IF(ISBLANK(Termine!I95),"",Termine!I95) | H284: =IF(ISBLANK(Termine!J95),"",Termine!J95)
A285: =Termine!B96 -> 46117 | B285: =IF(ISBLANK(Termine!C96),"",Termine!C96) -> Sonntag | C285: =IF(ISBLANK(Termine!D96),"",Termine!D96) | D285: =IF(ISBLANK(Termine!F96),"",Termine!F96) | E285: =IF(ISBLANK(Termine!G96),"",Termine!G96) | F285: =IF(ISBLANK(Termine!H96),"",Termine!H96) | G285: =IF(ISBLANK(Termine!I96),"",Termine!I96) | H285: =IF(ISBLANK(Termine!J96),"",Termine!J96)
A286: =Termine!B97 -> 46118 | B286: =IF(ISBLANK(Termine!C97),"",Termine!C97) -> Montag | C286: =IF(ISBLANK(Termine!D97),"",Termine!D97) | D286: =IF(ISBLANK(Termine!F97),"",Termine!F97) | E286: =IF(ISBLANK(Termine!G97),"",Termine!G97) | F286: =IF(ISBLANK(Termine!H97),"",Termine!H97) | G286: =IF(ISBLANK(Termine!I97),"",Termine!I97) | H286: =IF(ISBLANK(Termine!J97),"",Termine!J97)
A287: =Termine!B98 -> 46119 | B287: =IF(ISBLANK(Termine!C98),"",Termine!C98) -> Dienstag | C287: =IF(ISBLANK(Termine!D98),"",Termine!D98) -> abgesagt | D287: =IF(ISBLANK(Termine!F98),"",Termine!F98) -> Webelsfelde (Mühlen-Eichsen) | E287: =IF(ISBLANK(Termine!G98),"",Termine!G98) -> 19205 Mühlen Eichsen, Hauptstr. | F287: =IF(ISBLANK(Termine!H98),"",Termine!H98) | G287: =IF(ISBLANK(Termine!I98),"",Termine!I98) | H287: =IF(ISBLANK(Termine!J98),"",Termine!J98) -> Bittest Teil 2 WEMAG
A288: =Termine!B99 -> 46120 | B288: =IF(ISBLANK(Termine!C99),"",Termine!C99) -> Mittwoch | C288: =IF(ISBLANK(Termine!D99),"",Termine!D99) -> nicht gemeldet | D288: =IF(ISBLANK(Termine!F99),"",Termine!F99) -> Kleinseelheim | E288: =IF(ISBLANK(Termine!G99),"",Termine!G99) -> Regelungstest Ferne | F288: =IF(ISBLANK(Termine!H99),"",Termine!H99) | G288: =IF(ISBLANK(Termine!I99),"",Termine!I99) | H288: =IF(ISBLANK(Termine!J99),"",Termine!J99)
A290: =Termine!B101 -> 46122 | B290: =IF(ISBLANK(Termine!C101),"",Termine!C101) -> Freitag | C290: =IF(ISBLANK(Termine!D101),"",Termine!D101) -> abgesagt | D290: =IF(ISBLANK(Termine!F101),"",Termine!F101) -> Kleuterbach | E290: =IF(ISBLANK(Termine!G101),"",Termine!G101) | F290: =IF(ISBLANK(Termine!H101),"",Termine!H101) | G290: =IF(ISBLANK(Termine!I101),"",Termine!I101) | H290: =IF(ISBLANK(Termine!J101),"",Termine!J101)
A291: =Termine!B102 -> 46123 | B291: =IF(ISBLANK(Termine!C102),"",Termine!C102) -> Samstag | C291: =IF(ISBLANK(Termine!D102),"",Termine!D102) -> ?????Programm schreiben für Roth bei Prüm –Faber 2026-04 - Niklas 13.04.2026 | D291: =IF(ISBLANK(Termine!F102),"",Termine!F102) | E291: =IF(ISBLANK(Termine!G102),"",Termine!G102) | F291: =IF(ISBLANK(Termine!H102),"",Termine!H102) | G291: =IF(ISBLANK(Termine!I102),"",Termine!I102) | H291: =IF(ISBLANK(Termine!J102),"",Termine!J102)
A292: =Termine!B103 -> 46124 | B292: =IF(ISBLANK(Termine!C103),"",Termine!C103) -> Sonntag | C292: =IF(ISBLANK(Termine!D103),"",Termine!D103) | D292: =IF(ISBLANK(Termine!F103),"",Termine!F103) | E292: =IF(ISBLANK(Termine!G103),"",Termine!G103) | F292: =IF(ISBLANK(Termine!H103),"",Termine!H103) | G292: =IF(ISBLANK(Termine!I103),"",Termine!I103) | H292: =IF(ISBLANK(Termine!J103),"",Termine!J103)
A293: =Termine!B104 -> 46125 | B293: =IF(ISBLANK(Termine!C104),"",Termine!C104) -> Montag | C293: =IF(ISBLANK(Termine!D104),"",Termine!D104) -> 2026-08 / 13:00 | D293: =IF(ISBLANK(Termine!F104),"",Termine!F104) -> Hünxe | E293: =IF(ISBLANK(Termine!G104),"",Termine!G104) -> 46570 Hünxe, Werner Heisenberg Straße 4 | F293: =IF(ISBLANK(Termine!H104),"",Termine!H104) | G293: =IF(ISBLANK(Termine!I104),"",Termine!I104) -> Quelle-Senke-Test | H293: =IF(ISBLANK(Termine!J104),"",Termine!J104) -> Quelle/Senke Test für Station WN_25_0157_WNGW (Werner Heisenberg Straße 4)
A294: =Termine!B105 -> 46126 | B294: =IF(ISBLANK(Termine!C105),"",Termine!C105) -> Dienstag | C294: =IF(ISBLANK(Termine!D105),"",Termine!D105) -> Anfahrt + vorber. Arbeiten | D294: =IF(ISBLANK(Termine!F105),"",Termine!F105) -> Eisenlohr – Germersheim | E294: =IF(ISBLANK(Termine!G105),"",Termine!G105) -> Holzmühlstraße 1, 67368 Westheim (Pfalz) | F294: =IF(ISBLANK(Termine!H105),"",Termine!H105) | G294: =IF(ISBLANK(Termine!I105),"",Termine!I105) -> Vorbereiten Bittest | H294: =IF(ISBLANK(Termine!J105),"",Termine!J105)
A295: =Termine!B106 -> 46127 | B295: =IF(ISBLANK(Termine!C106),"",Termine!C106) -> Mittwoch | C295: =IF(ISBLANK(Termine!D106),"",Termine!D106) -> Bittest 9:00, anschließend Rietberg | D295: =IF(ISBLANK(Termine!F106),"",Termine!F106) -> Germersheim-anschließend Rietberg | E295: =IF(ISBLANK(Termine!G106),"",Termine!G106) -> Holzmühlstraße 1, 67368 Westheim (Pfalz) | F295: =IF(ISBLANK(Termine!H106),"",Termine!H106) | G295: =IF(ISBLANK(Termine!I106),"",Termine!I106) -> Bittest 9:00 | H295: =IF(ISBLANK(Termine!J106),"",Termine!J106) -> anschließend 33397 Rietberg Mastholter Str. 42
... A312: =Termine!B123 -> 46144 | B312: =IF(ISBLANK(Termine!C123),"",Termine!C123) -> Samstag | C312: =IF(ISBLANK(Termine!D123),"",Termine!D123) -> Programm Schreiben | D312: =IF(ISBLANK(Termine!F123),"",Termine!F123) -> Walldorf 2026-04 | E312: =IF(ISBLANK(Termine!G123),"",Termine!G123) -> STW Walldorf | F312: =IF(ISBLANK(Termine!H123),"",Termine!H123) -> 69191 Walldorf, Daimler Str. 61 | G312: =IF(ISBLANK(Termine!I123),"",Termine!I123) -> Vorbittest 05.05. Elias | H312: =IF(ISBLANK(Termine!J123),"",Termine!J123) -> FWA-Hardware ist technisch mit dem SAE-System verbunden, deshalb keine explizite Datenpunktliste.
A314: =Termine!B125 -> 46146 | B314: =IF(ISBLANK(Termine!C125),"",Termine!C125) -> Montag | C314: =IF(ISBLANK(termine!#ref!),"",termine!#ref!) -> #NAME? | D314: =IF(ISBLANK(Termine!F125),"",Termine!F125) -> Selm | E314: =IF(ISBLANK(Termine!G125),"",Termine!G125) -> 59379 Selm, Alte Zechenbahn 92 | F314: =IF(ISBLANK(Termine!H125),"",Termine!H125) | G314: =IF(ISBLANK(Termine!I125),"",Termine!I125) | H314: =IF(ISBLANK(Termine!J125),"",Termine!J125) -> Quelle Senke Test
A315: =Termine!B126 -> 46147 | B315: =IF(ISBLANK(Termine!C126),"",Termine!C126) -> Dienstag | C315: =IF(ISBLANK(Termine!D126),"",Termine!D126) -> 1.)Fernzugriff - 10:00 | D315: =IF(ISBLANK(Termine!F126),"",Termine!F126) -> Gresenhorst PVA 1000002233 MM901000228322 | E315: =IF(ISBLANK(Termine!G126),"",Termine!G126) | F315: =IF(ISBLANK(Termine!H126),"",Termine!H126) -> 2.) Fernzugriff – PV Mannertalstr.2 (Üttfeld) - Fehlerhafte DZE-Funktionsprüfung ????? | G315: =IF(ISBLANK(Termine!I126),"",Termine!I126) | H315: =IF(ISBLANK(Termine!J126),"",Termine!J126)
A316: =Termine!B127 -> 46148 | B316: =IF(ISBLANK(Termine!C127),"",Termine!C127) -> Mittwoch | C316: =IF(ISBLANK(Termine!D127),"",Termine!D127) -> Firmenlauf | D316: =IF(ISBLANK(Termine!F127),"",Termine!F127) | E316: =IF(ISBLANK(Termine!G127),"",Termine!G127) | F316: =IF(ISBLANK(Termine!H127),"",Termine!H127) | G316: =IF(ISBLANK(Termine!I127),"",Termine!I127) | H316: =IF(ISBLANK(Termine!J127),"",Termine!J127)
A317: =Termine!B128 -> 46149 | B317: =IF(ISBLANK(Termine!C128),"",Termine!C128) -> Donnerstag | C317: =IF(ISBLANK(Termine!D128),"",Termine!D128) -> 1.) Do. 9:00 Fernzugriff | D317: =IF(ISBLANK(Termine!F128),"",Termine!F128) -> Solarpark Walshausen | E317: =IF(ISBLANK(Termine!G128),"",Termine!G128) | F317: =IF(ISBLANK(Termine!H128),"",Termine!H128) | G317: =IF(ISBLANK(Termine!I128),"",Termine!I128) | H317: =IF(ISBLANK(Termine!J128),"",Termine!J128) -> Vorzeichen für Wirk- und Blindleistung vertauscht
A318: =Termine!B129 -> 46150 | B318: =IF(ISBLANK(Termine!C129),"",Termine!C129) -> Freitag | C318: =IF(ISBLANK(Termine!D129),"",Termine!D129) -> 2.) Do.11:00 Fernzugriff | D318: =IF(ISBLANK(Termine!F129),"",Termine!F129) -> Mörsdorfer Wald | E318: =IF(ISBLANK(Termine!G129),"",Termine!G129) | F318: =IF(ISBLANK(Termine!H129),"",Termine!H129) | G318: =IF(ISBLANK(Termine!I129),"",Termine!I129) | H318: =IF(ISBLANK(Termine!J129),"",Termine!J129) -> Test mit ABO Energy
A319: =Termine!B130 -> 46151 | B319: =IF(ISBLANK(Termine!C130),"",Termine!C130) -> Samstag | C319: =IF(ISBLANK(Termine!D130),"",Termine!D130) -> Programm Schreiben Isoblock | D319: =IF(ISBLANK(Termine!F130),"",Termine!F130) -> Happenberg | E319: =IF(ISBLANK(Termine!G130),"",Termine!G130) -> P-26-58 | F319: =IF(ISBLANK(Termine!H130),"",Termine!H130) -> für Hagen 20.05.2026 – Bittest soll später online laufen ??? | G319: =IF(ISBLANK(Termine!I130),"",Termine!I130) | H319: =IF(ISBLANK(Termine!J130),"",Termine!J130)
A320: =Termine!B131 -> 46152 | B320: =IF(ISBLANK(Termine!C131),"",Termine!C131) -> Sonntag | C320: =IF(ISBLANK(Termine!D131),"",Termine!D131) -> Programm schreiben | D320: =IF(ISBLANK(Termine!F131),"",Termine!F131) -> Rückersdorf | E320: =IF(ISBLANK(Termine!G131),"",Termine!G131) -> P-26-48 | F320: =IF(ISBLANK(Termine!H131),"",Termine!H131) -> für Hagen 18.05.-Vorbittest | G320: =IF(ISBLANK(Termine!I131),"",Termine!I131) -> Programm Schreiben | H320: =IF(ISBLANK(Termine!J131),"",Termine!J131) -> 3 Kombisave und 2 7SR45, Vorbittest
A322: =Termine!B133 -> 46154 | B322: =IF(ISBLANK(Termine!C133),"",Termine!C133) -> Dienstag | C322: =IF(ISBLANK(Termine!D133),"",Termine!D133) -> 2026-04 | D322: =IF(ISBLANK(Termine!F133),"",Termine!F133) -> Walldorf | E322: =IF(ISBLANK(Termine!G133),"",Termine!G133) -> 69191 Walldorf, Daimler Str. 61 | F322: =IF(ISBLANK(Termine!H133),"",Termine!H133) | G322: =IF(ISBLANK(Termine!I133),"",Termine!I133) -> Bittest ab 10 Uhr | H322: =IF(ISBLANK(Termine!J133),"",Termine!J133) -> FWA-Hardware ist technisch mit dem SAE-System verbunden, deshalb keine explizite Datenpunktliste.
A323: =Termine!B134 -> 46155 | B323: =IF(ISBLANK(Termine!C134),"",Termine!C134) -> Mittwoch | C323: =IF(ISBLANK(Termine!D134),"",Termine!D134) -> 10:00 - 11:30 | D323: =IF(ISBLANK(Termine!F134),"",Termine!F134) -> Webelsfelde (Mühlen-Eichsen) | E323: =IF(ISBLANK(Termine!G134),"",Termine!G134) -> 19205 Mühlen Eichsen, Hauptstr. | F323: =IF(ISBLANK(Termine!H134),"",Termine!H134) | G323: =IF(ISBLANK(Termine!I134),"",Termine!I134) -> 10:00 - 11:30 | H323: =IF(ISBLANK(Termine!J134),"",Termine!J134) -> Bittest Teil 2 WEMAG
A324: =Termine!B135 -> 46156 | B324: =IF(ISBLANK(Termine!C135),"",Termine!C135) -> Donnerstag | C324: =IF(ISBLANK(Termine!D135),"",Termine!D135) -> Mi. ab 13:00 Uhr | D324: =IF(ISBLANK(Termine!F135),"",Termine!F135) -> Volkmarsen | E324: =IF(ISBLANK(Termine!G135),"",Termine!G135) | F324: =IF(ISBLANK(Termine!H135),"",Termine!H135) | G324: =IF(ISBLANK(Termine!I135),"",Termine!I135) -> 13.05.-13:00 | H324: =IF(ISBLANK(Termine!J135),"",Termine!J135) -> Remote Test
A325: =Termine!B136 -> 46157 | B325: =IF(ISBLANK(Termine!C136),"",Termine!C136) -> Freitag | C325: =IF(ISBLANK(Termine!D136),"",Termine!D136) | D325: =IF(ISBLANK(Termine!F136),"",Termine!F136) | E325: =IF(ISBLANK(Termine!G136),"",Termine!G136) | F325: =IF(ISBLANK(Termine!H136),"",Termine!H136) | G325: =IF(ISBLANK(Termine!I136),"",Termine!I136) | H325: =IF(ISBLANK(Termine!J136),"",Termine!J136)
A326: =Termine!B137 -> 46158 | B326: =IF(ISBLANK(Termine!C137),"",Termine!C137) -> Samstag | C326: =IF(ISBLANK(Termine!D137),"",Termine!D137) | D326: =IF(ISBLANK(Termine!F137),"",Termine!F137) | E326: =IF(ISBLANK(Termine!G137),"",Termine!G137) | F326: =IF(ISBLANK(Termine!H137),"",Termine!H137) | G326: =IF(ISBLANK(Termine!I137),"",Termine!I137) | H326: =IF(ISBLANK(Termine!J138),"",Termine!J138)
A327: =Termine!B138 -> 46159 | B327: =IF(ISBLANK(Termine!C138),"",Termine!C138) -> Sonntag | C327: =IF(ISBLANK(Termine!D138),"",Termine!D138) -> 2x Programm schreiben für Hagen 26.05.2026 -- Faber 2026-05 -- 1 x Trappenkamp , Gablonzer Str. 1 und Dänischenhagen, Scharnhagener Str. 3-5 | D327: =IF(ISBLANK(Termine!F138),"",Termine!F138) | E327: =IF(ISBLANK(Termine!G138),"",Termine!G138) | F327: =IF(ISBLANK(Termine!H138),"",Termine!H138) | G327: =IF(ISBLANK(Termine!I138),"",Termine!I138) | H327: =IF(ISBLANK(Termine!J139),"",Termine!J139) -> Funktionstest-Gesamtwirkungskette
A328: =Termine!B139 -> 46160 | B328: =IF(ISBLANK(Termine!C139),"",Termine!C139) -> Montag | C328: =IF(ISBLANK(Termine!D139),"",Termine!D139) -> Teams 10:00 | D328: =IF(ISBLANK(Termine!F139),"",Termine!F139) -> Willerstedt | E328: =IF(ISBLANK(Termine!G139),"",Termine!G139) | F328: =IF(ISBLANK(Termine!H139),"",Termine!H139) | G328: =IF(ISBLANK(Termine!I139),"",Termine!I139) | H328: =IF(ISBLANK(Termine!J140),"",Termine!J140) -> Bittest vor Ort
A330: =Termine!B141 -> 46162 | B330: =IF(ISBLANK(Termine!C141),"",Termine!C141) -> Mittwoch | C330: =IF(ISBLANK(Termine!D141),"",Termine!D141) -> 11:00 Uhr | D330: =IF(ISBLANK(Termine!F141),"",Termine!F141) -> Nahwinden | E330: =IF(ISBLANK(Termine!G141),"",Termine!G141) -> 99326 Stadtilm, Nahwinden 20 | F330: =IF(ISBLANK(Termine!H141),"",Termine!H141) | G330: =IF(ISBLANK(Termine!I141),"",Termine!I141) | H330: =IF(ISBLANK(Termine!J142),"",Termine!J142)
A331: =Termine!B142 -> 46163 | B331: =IF(ISBLANK(Termine!C142),"",Termine!C142) -> Donnerstag | C331: =IF(ISBLANK(Termine!D142),"",Termine!D142) -> 10 Uhr | D331: =IF(ISBLANK(Termine!F142),"",Termine!F142) -> Rödinghausen | E331: =IF(ISBLANK(Termine!G142),"",Termine!G142) -> 32289 Rödinghausen, Bruchstraße 152 | F331: =IF(ISBLANK(Termine!H142),"",Termine!H142) -> wir sind vor Ort WWN kommt per Teams dazu | G331: =IF(ISBLANK(Termine!I142),"",Termine!I142) | H331: =IF(ISBLANK(Termine!J143),"",Termine!J143) -> Hochlauf durch Faber erfolgt, 2026-02
A332: =Termine!B143 -> 46164 | B332: =IF(ISBLANK(Termine!C143),"",Termine!C143) -> Freitag | C332: =IF(ISBLANK(Termine!D143),"",Termine!D143) -> !!!!8:00-10:00 | D332: =IF(ISBLANK(Termine!F143),"",Termine!F143) -> Vollmerhauser Str | E332: =IF(ISBLANK(Termine!G143),"",Termine!G143) -> 51645 Gummersbach, Vollmerhauser Str 28 | F332: =IF(ISBLANK(Termine!H143),"",Termine!H143) | G332: =IF(ISBLANK(Termine!I143),"",Termine!I143) -> Quelle-Senke-Test | H332: =IF(ISBLANK(Termine!J144),"",Termine!J144) -> Schlüssel siehe Bilder im P-Ordner
A333: =Termine!B144 -> 46165 | B333: =IF(ISBLANK(Termine!C144),"",Termine!C144) -> Samstag | C333: =IF(ISBLANK(Termine!D144),"",Termine!D144) -> 2025-9 | D333: =IF(ISBLANK(Termine!F144),"",Termine!F144) -> Hasbacher Höhe | E333: =IF(ISBLANK(Termine!G144),"",Termine!G144) -> 51850 Reichshof, Autobahnparkplatz Hasbacher Höhe Süd 1 | F333: =IF(ISBLANK(Termine!H144),"",Termine!H144) | G333: =IF(ISBLANK(Termine!I144),"",Termine!I144) | H333: =IF(ISBLANK(Termine!J145),"",Termine!J145) -> Schutzprüfer bei Bittest
A334: =Termine!B145 -> 46166 | B334: =IF(ISBLANK(Termine!C145),"",Termine!C145) -> Sonntag | C334: =IF(ISBLANK(Termine!D145),"",Termine!D145) -> ??? 2026-02 | D334: =IF(ISBLANK(Termine!F145),"",Termine!F145) -> Opferstetten Bibertal Echlishausen | E334: =IF(ISBLANK(Termine!G145),"",Termine!G145) -> 89352 Ellzee, Zur Schönhalde 10 | F334: =IF(ISBLANK(Termine!H145),"",Termine!H145) | G334: =IF(ISBLANK(Termine!I145),"",Termine!I145) | H334: =IF(ISBLANK(Termine!J146),"",Termine!J146)
A335: =Termine!B146 -> 46167 | B335: =IF(ISBLANK(Termine!C146),"",Termine!C146) -> Montag | C335: =IF(ISBLANK(Termine!D146),"",Termine!D146) -> Programm schreiben für Lackendorf Gründle (faber 2026-05) – für Elias 02.06.2026) | D335: =IF(ISBLANK(Termine!F146),"",Termine!F146) | E335: =IF(ISBLANK(Termine!G146),"",Termine!G146) | F335: =IF(ISBLANK(Termine!H146),"",Termine!H146) | G335: =IF(ISBLANK(Termine!I146),"",Termine!I146) | H335: =IF(ISBLANK(termine!#ref!),"",termine!#ref!) -> #NAME?
A336: =Termine!B147 -> 46168 | B336: =IF(ISBLANK(Termine!C147),"",Termine!C147) -> Dienstag | C336: =IF(ISBLANK(Termine!D147),"",Termine!D147) -> Programm schreiben für Elias – Station Burgdorf / Avacon / SBG | D336: =IF(ISBLANK(Termine!F147),"",Termine!F147) | E336: =IF(ISBLANK(Termine!G147),"",Termine!G147) -> Programm Schreiben Gelsenkirchen Knapp Solar – Vorbittest Elias 27.05.2026 | F336: =IF(ISBLANK(Termine!H147),"",Termine!H147) | G336: =IF(ISBLANK(Termine!I147),"",Termine!I147) | H336: =IF(ISBLANK(Termine!J147),"",Termine!J147)
A338: =Termine!B149 -> 46170 | B338: =IF(ISBLANK(Termine!C149),"",Termine!C149) -> Donnerstag | C338: =IF(ISBLANK(Termine!D149),"",Termine!D149) -> 2x Bittest | D338: =IF(ISBLANK(Termine!F149),"",Termine!F149) -> Trappenkamp 9:00 Uhr und Dänischenhagen 11:00 | E338: =IF(ISBLANK(Termine!G149),"",Termine!G149) | F338: =IF(ISBLANK(Termine!H149),"",Termine!H149) | G338: =IF(ISBLANK(Termine!I149),"",Termine!I149) -> Herr Saibel – 01607040613 | H338: =IF(ISBLANK(Termine!J149),"",Termine!J149) -> 2 x Bittest- Finn mitnehmen
A339: =Termine!B150 -> 46171 | B339: =IF(ISBLANK(Termine!C150),"",Termine!C150) -> Freitag | C339: =IF(ISBLANK(Termine!D150),"",Termine!D150) -> 2x Bittest-7:30 -12:00 | D339: =IF(ISBLANK(Termine!F150),"",Termine!F150) -> bittest | E339: =IF(ISBLANK(Termine!G150),"",Termine!G150) | F339: =IF(ISBLANK(Termine!H150),"",Termine!H150) | G339: =IF(ISBLANK(Termine!I150),"",Termine!I150) -> Herr Saibel – 01607040614 | H339: =IF(ISBLANK(Termine!J150),"",Termine!J150) -> 3 x Bittest- Finn mitnehmen
A340: =Termine!B151 -> 46172 | B340: =IF(ISBLANK(Termine!C151),"",Termine!C151) -> Samstag | C340: =IF(ISBLANK(Termine!D151),"",Termine!D151) | D340: =IF(ISBLANK(Termine!F151),"",Termine!F151) | E340: =IF(ISBLANK(Termine!G151),"",Termine!G151) | F340: =IF(ISBLANK(Termine!H151),"",Termine!H151) | G340: =IF(ISBLANK(Termine!I151),"",Termine!I151) | H340: =IF(ISBLANK(Termine!J151),"",Termine!J151)
A341: =Termine!B152 -> 46173 | B341: =IF(ISBLANK(Termine!C152),"",Termine!C152) -> Sonntag | C341: =IF(ISBLANK(Termine!D152),"",Termine!D152) -> Programm schreiben für Schimpf – Vortest Elias 03.06.2026 | D341: =IF(ISBLANK(Termine!F152),"",Termine!F152) | E341: =IF(ISBLANK(Termine!G152),"",Termine!G152) | F341: =IF(ISBLANK(Termine!H152),"",Termine!H152) | G341: =IF(ISBLANK(Termine!I152),"",Termine!I152) | H341: =IF(ISBLANK(Termine!J152),"",Termine!J152)
A342: =Termine!B153 -> 46174 | B342: =IF(ISBLANK(Termine!C153),"",Termine!C153) -> Montag | C342: =IF(ISBLANK(Termine!D153),"",Termine!D153) -> 13:00 2026-05 | D342: =IF(ISBLANK(Termine!F153),"",Termine!F153) -> Gelsenkirchen Knapp Solar | E342: =IF(ISBLANK(Termine!G153),"",Termine!G153) -> 45897 Gelsenkirchen, Schäferstr. 1 | F342: =IF(ISBLANK(Termine!H153),"",Termine!H153) | G342: =IF(ISBLANK(Termine!I153),"",Termine!I153) -> Lukas Ophey 015251783905 | H342: =IF(ISBLANK(Termine!J153),"",Termine!J153) -> Bittest
A343: =Termine!B154 -> 46175 | B343: =IF(ISBLANK(Termine!C154),"",Termine!C154) -> Dienstag | C343: =IF(ISBLANK(Termine!D154),"",Termine!D154) -> ggf. diverse WWN Anlagen anfahren z. B. Happenberg ?? Basti per Support unterstützen – Funktionstest mit SW Plattling nach Gateway Einbau | D343: =IF(ISBLANK(Termine!F154),"",Termine!F154) | E343: =IF(ISBLANK(Termine!G154),"",Termine!G154) | F343: =IF(ISBLANK(Termine!H154),"",Termine!H154) | G343: =IF(ISBLANK(Termine!I154),"",Termine!I154) | H343: =IF(ISBLANK(Termine!J154),"",Termine!J154)
A344: =Termine!B155 -> 46176 | B344: =IF(ISBLANK(Termine!C155),"",Termine!C155) -> Mittwoch | C344: =IF(ISBLANK(Termine!D155),"",Termine!D155) -> Mi. 9:30 | D344: =IF(ISBLANK(Termine!F155),"",Termine!F155) -> Schloß-Holte-Stukenbrock-CDTI | E344: =IF(ISBLANK(Termine!G155),"",Termine!G155) -> 33758 Schloß-Holte-Stukenbrock, Bahndamm 39 | F344: =IF(ISBLANK(Termine!H155),"",Termine!H155) | G344: =IF(ISBLANK(Termine!I155),"",Termine!I155) -> Bittest WWN | H344: =IF(ISBLANK(Termine!J155),"",Termine!J155) -> wir sind vor Ort WWN kommt per Teams dazu
...

Sheet Niklas
A1: =IF(ISBLANK(Termine!Q1),"",Termine!Q1) -> Datum | B1: =IF(ISBLANK(Termine!R1),"",Termine!R1) -> Wochentag | C1: =IF(ISBLANK(Termine!S1),"",Termine!S1) -> Niklas Helmchen | D1: Projekt/Ordner | E1: =IF(ISBLANK(Termine!V1),"",Termine!V1) -> Adresse | F1: =IF(ISBLANK(Termine!W1),"",Termine!W1) -> Ansprechpartner | G1: =IF(ISBLANK(Termine!X1),"",Termine!X1) -> Auftrag | H1: =IF(ISBLANK(Termine!Y1),"",Termine!Y1) -> Bemerkungen
A2: =termine!#ref! -> #NAME? | B2: =IF(ISBLANK(termine!#ref!),"",termine!#ref!) -> #NAME? | C2: =IF(ISBLANK(termine!#ref!),"",termine!#ref!) -> #NAME? | D2: =IF(ISBLANK(termine!#ref!),"",termine!#ref!) -> #NAME? | E2: =IF(ISBLANK(termine!#ref!),"",termine!#ref!) -> #NAME? | F2: =IF(ISBLANK(termine!#ref!),"",termine!#ref!) -> #NAME? | G2: =IF(ISBLANK(termine!#ref!),"",termine!#ref!) -> #NAME? | H2: =IF(ISBLANK(termine!#ref!),"",termine!#ref!) -> #NAME?
A3: =termine!#ref! -> #NAME? | B3: =IF(ISBLANK(termine!#ref!),"",termine!#ref!) -> #NAME? | C3: =IF(ISBLANK(termine!#ref!),"",termine!#ref!) -> #NAME? | D3: =IF(ISBLANK(termine!#ref!),"",termine!#ref!) -> #NAME? | E3: =IF(ISBLANK(termine!#ref!),"",termine!#ref!) -> #NAME? | F3: =IF(ISBLANK(termine!#ref!),"",termine!#ref!) -> #NAME? | G3: =IF(ISBLANK(termine!#ref!),"",termine!#ref!) -> #NAME? | H3: =IF(ISBLANK(termine!#ref!),"",termine!#ref!) -> #NAME?
A4: =termine!#ref! -> #NAME? | B4: =IF(ISBLANK(termine!#ref!),"",termine!#ref!) -> #NAME? | C4: =IF(ISBLANK(termine!#ref!),"",termine!#ref!) -> #NAME? | D4: =IF(ISBLANK(termine!#ref!),"",termine!#ref!) -> #NAME? | E4: =IF(ISBLANK(termine!#ref!),"",termine!#ref!) -> #NAME? | F4: =IF(ISBLANK(termine!#ref!),"",termine!#ref!) -> #NAME? | G4: =IF(ISBLANK(termine!#ref!),"",termine!#ref!) -> #NAME? | H4: =IF(ISBLANK(termine!#ref!),"",termine!#ref!) -> #NAME?
A5: =termine!#ref! -> #NAME? | B5: =IF(ISBLANK(termine!#ref!),"",termine!#ref!) -> #NAME? | C5: =IF(ISBLANK(termine!#ref!),"",termine!#ref!) -> #NAME? | D5: =IF(ISBLANK(termine!#ref!),"",termine!#ref!) -> #NAME? | E5: =IF(ISBLANK(termine!#ref!),"",termine!#ref!) -> #NAME? | F5: =IF(ISBLANK(termine!#ref!),"",termine!#ref!) -> #NAME? | G5: =IF(ISBLANK(termine!#ref!),"",termine!#ref!) -> #NAME? | H5: =IF(ISBLANK(termine!#ref!),"",termine!#ref!) -> #NAME?
A6: =termine!#ref! -> #NAME? | B6: =IF(ISBLANK(termine!#ref!),"",termine!#ref!) -> #NAME? | C6: =IF(ISBLANK(termine!#ref!),"",termine!#ref!) -> #NAME? | D6: =IF(ISBLANK(termine!#ref!),"",termine!#ref!) -> #NAME? | E6: =IF(ISBLANK(termine!#ref!),"",termine!#ref!) -> #NAME? | F6: =IF(ISBLANK(termine!#ref!),"",termine!#ref!) -> #NAME? | G6: =IF(ISBLANK(termine!#ref!),"",termine!#ref!) -> #NAME? | H6: =IF(ISBLANK(termine!#ref!),"",termine!#ref!) -> #NAME?
A7: =termine!#ref! -> #NAME? | B7: =IF(ISBLANK(termine!#ref!),"",termine!#ref!) -> #NAME? | C7: =IF(ISBLANK(termine!#ref!),"",termine!#ref!) -> #NAME? | D7: =IF(ISBLANK(termine!#ref!),"",termine!#ref!) -> #NAME? | E7: =IF(ISBLANK(termine!#ref!),"",termine!#ref!) -> #NAME? | F7: =IF(ISBLANK(termine!#ref!),"",termine!#ref!) -> #NAME? | G7: =IF(ISBLANK(termine!#ref!),"",termine!#ref!) -> #NAME? | H7: =IF(ISBLANK(termine!#ref!),"",termine!#ref!) -> #NAME?
A8: =termine!#ref! -> #NAME? | B8: =IF(ISBLANK(termine!#ref!),"",termine!#ref!) -> #NAME? | C8: =IF(ISBLANK(termine!#ref!),"",termine!#ref!) -> #NAME? | D8: =IF(ISBLANK(termine!#ref!),"",termine!#ref!) -> #NAME? | E8: =IF(ISBLANK(termine!#ref!),"",termine!#ref!) -> #NAME? | F8: =IF(ISBLANK(termine!#ref!),"",termine!#ref!) -> #NAME? | G8: =IF(ISBLANK(termine!#ref!),"",termine!#ref!) -> #NAME? | H8: =IF(ISBLANK(termine!#ref!),"",termine!#ref!) -> #NAME?
A9: =termine!#ref! -> #NAME? | B9: =IF(ISBLANK(termine!#ref!),"",termine!#ref!) -> #NAME? | C9: =IF(ISBLANK(termine!#ref!),"",termine!#ref!) -> #NAME? | D9: =IF(ISBLANK(termine!#ref!),"",termine!#ref!) -> #NAME? | E9: =IF(ISBLANK(termine!#ref!),"",termine!#ref!) -> #NAME? | F9: =IF(ISBLANK(termine!#ref!),"",termine!#ref!) -> #NAME? | G9: =IF(ISBLANK(termine!#ref!),"",termine!#ref!) -> #NAME? | H9: =IF(ISBLANK(termine!#ref!),"",termine!#ref!) -> #NAME?
A10: =termine!#ref! -> #NAME? | B10: =IF(ISBLANK(termine!#ref!),"",termine!#ref!) -> #NAME? | C10: =IF(ISBLANK(termine!#ref!),"",termine!#ref!) -> #NAME? | D10: =IF(ISBLANK(termine!#ref!),"",termine!#ref!) -> #NAME? | E10: =IF(ISBLANK(termine!#ref!),"",termine!#ref!) -> #NAME? | F10: =IF(ISBLANK(termine!#ref!),"",termine!#ref!) -> #NAME? | G10: =IF(ISBLANK(termine!#ref!),"",termine!#ref!) -> #NAME? | H10: =IF(ISBLANK(termine!#ref!),"",termine!#ref!) -> #NAME?
A11: =termine!#ref! -> #NAME? | B11: =IF(ISBLANK(termine!#ref!),"",termine!#ref!) -> #NAME? | C11: =IF(ISBLANK(termine!#ref!),"",termine!#ref!) -> #NAME? | D11: =IF(ISBLANK(termine!#ref!),"",termine!#ref!) -> #NAME? | E11: =IF(ISBLANK(termine!#ref!),"",termine!#ref!) -> #NAME? | F11: =IF(ISBLANK(termine!#ref!),"",termine!#ref!) -> #NAME? | G11: =IF(ISBLANK(termine!#ref!),"",termine!#ref!) -> #NAME? | H11: =IF(ISBLANK(termine!#ref!),"",termine!#ref!) -> #NAME?
A12: =termine!#ref! -> #NAME? | B12: =IF(ISBLANK(termine!#ref!),"",termine!#ref!) -> #NAME? | C12: =IF(ISBLANK(termine!#ref!),"",termine!#ref!) -> #NAME? | D12: =IF(ISBLANK(termine!#ref!),"",termine!#ref!) -> #NAME? | E12: =IF(ISBLANK(termine!#ref!),"",termine!#ref!) -> #NAME? | F12: =IF(ISBLANK(termine!#ref!),"",termine!#ref!) -> #NAME? | G12: =IF(ISBLANK(termine!#ref!),"",termine!#ref!) -> #NAME? | H12: =IF(ISBLANK(termine!#ref!),"",termine!#ref!) -> #NAME?
A13: =termine!#ref! -> #NAME? | B13: =IF(ISBLANK(termine!#ref!),"",termine!#ref!) -> #NAME? | C13: =IF(ISBLANK(termine!#ref!),"",termine!#ref!) -> #NAME? | D13: =IF(ISBLANK(termine!#ref!),"",termine!#ref!) -> #NAME? | E13: =IF(ISBLANK(termine!#ref!),"",termine!#ref!) -> #NAME? | F13: =IF(ISBLANK(termine!#ref!),"",termine!#ref!) -> #NAME? | G13: =IF(ISBLANK(termine!#ref!),"",termine!#ref!) -> #NAME? | H13: =IF(ISBLANK(termine!#ref!),"",termine!#ref!) -> #NAME?
... A89: =termine!#ref! -> #NAME? | B89: =IF(ISBLANK(termine!#ref!),"",termine!#ref!) -> #NAME? | C89: =IF(ISBLANK(termine!#ref!),"",termine!#ref!) -> #NAME? | D89: =IF(ISBLANK(termine!#ref!),"",termine!#ref!) -> #NAME? | E89: =IF(ISBLANK(termine!#ref!),"",termine!#ref!) -> #NAME? | F89: =IF(ISBLANK(termine!#ref!),"",termine!#ref!) -> #NAME? | G89: =IF(ISBLANK(termine!#ref!),"",termine!#ref!) -> #NAME? | H89: =IF(ISBLANK(termine!#ref!),"",termine!#ref!) -> #NAME?
A90: =termine!#ref! -> #NAME? | B90: =IF(ISBLANK(termine!#ref!),"",termine!#ref!) -> #NAME? | C90: =IF(ISBLANK(termine #REF!),"",termine #REF!) -> #VALUE! | D90: =IF(ISBLANK(termine!#ref!),"",termine!#ref!) -> #NAME? | E90: =IF(ISBLANK(termine!#ref!),"",termine!#ref!) -> #NAME? | F90: =IF(ISBLANK(termine!#ref!),"",termine!#ref!) -> #NAME? | G90: =IF(ISBLANK(termine!#ref!),"",termine!#ref!) -> #NAME? | H90: =IF(ISBLANK(termine!#ref!),"",termine!#ref!) -> #NAME?
A91: =termine!#ref! -> #NAME? | B91: =IF(ISBLANK(termine!#ref!),"",termine!#ref!) -> #NAME? | C91: =IF(ISBLANK(termine!#ref!),"",termine!#ref!) -> #NAME? | D91: =IF(ISBLANK(termine!#ref!),"",termine!#ref!) -> #NAME? | E91: =IF(ISBLANK(termine!#ref!),"",termine!#ref!) -> #NAME? | F91: =IF(ISBLANK(termine!#ref!),"",termine!#ref!) -> #NAME? | G91: =IF(ISBLANK(termine!#ref!),"",termine!#ref!) -> #NAME? | H91: =IF(ISBLANK(termine!#ref!),"",termine!#ref!) -> #NAME?
A92: =termine!#ref! -> #NAME? | B92: =IF(ISBLANK(termine!#ref!),"",termine!#ref!) -> #NAME? | C92: =IF(ISBLANK(termine!#ref!),"",termine!#ref!) -> #NAME? | D92: =IF(ISBLANK(termine!#ref!),"",termine!#ref!) -> #NAME? | E92: =IF(ISBLANK(termine!#ref!),"",termine!#ref!) -> #NAME? | F92: =IF(ISBLANK(termine!#ref!),"",termine!#ref!) -> #NAME? | G92: =IF(ISBLANK(termine!#ref!),"",termine!#ref!) -> #NAME? | H92: =IF(ISBLANK(termine!#ref!),"",termine!#ref!) -> #NAME?
A93: =termine!#ref! -> #NAME? | B93: =IF(ISBLANK(termine!#ref!),"",termine!#ref!) -> #NAME? | C93: =IF(ISBLANK(termine!#ref!),"",termine!#ref!) -> #NAME? | D93: =IF(ISBLANK(termine!#ref!),"",termine!#ref!) -> #NAME? | E93: =IF(ISBLANK(termine!#ref!),"",termine!#ref!) -> #NAME? | F93: =IF(ISBLANK(termine!#ref!),"",termine!#ref!) -> #NAME? | G93: =IF(ISBLANK(termine!#ref!),"",termine!#ref!) -> #NAME? | H93: =IF(ISBLANK(termine!#ref!),"",termine!#ref!) -> #NAME?
A94: =termine!#ref! -> #NAME? | B94: =IF(ISBLANK(termine!#ref!),"",termine!#ref!) -> #NAME? | C94: =IF(ISBLANK(termine!#ref!),"",termine!#ref!) -> #NAME? | D94: =IF(ISBLANK(termine!#ref!),"",termine!#ref!) -> #NAME? | E94: =IF(ISBLANK(termine!#ref!),"",termine!#ref!) -> #NAME? | F94: =IF(ISBLANK(termine!#ref!),"",termine!#ref!) -> #NAME? | G94: =IF(ISBLANK(termine!#ref!),"",termine!#ref!) -> #NAME? | H94: =IF(ISBLANK(termine!#ref!),"",termine!#ref!) -> #NAME?
A95: =termine!#ref! -> #NAME? | B95: =IF(ISBLANK(termine!#ref!),"",termine!#ref!) -> #NAME? | C95: =IF(ISBLANK(termine!#ref!),"",termine!#ref!) -> #NAME? | D95: =IF(ISBLANK(termine!#ref!),"",termine!#ref!) -> #NAME? | E95: =IF(ISBLANK(termine!#ref!),"",termine!#ref!) -> #NAME? | F95: =IF(ISBLANK(termine!#ref!),"",termine!#ref!) -> #NAME? | G95: =IF(ISBLANK(termine!#ref!),"",termine!#ref!) -> #NAME? | H95: =IF(ISBLANK(termine!#ref!),"",termine!#ref!) -> #NAME?
A96: =termine!#ref! -> #NAME? | B96: =IF(ISBLANK(termine!#ref!),"",termine!#ref!) -> #NAME? | C96: =IF(ISBLANK(termine!#ref!),"",termine!#ref!) -> #NAME? | D96: =IF(ISBLANK(termine!#ref!),"",termine!#ref!) -> #NAME? | E96: =IF(ISBLANK(termine!#ref!),"",termine!#ref!) -> #NAME? | F96: =IF(ISBLANK(termine!#ref!),"",termine!#ref!) -> #NAME? | G96: =IF(ISBLANK(termine!#ref!),"",termine!#ref!) -> #NAME? | H96: =IF(ISBLANK(termine!#ref!),"",termine!#ref!) -> #NAME?
A97: =termine!#ref! -> #NAME? | B97: =IF(ISBLANK(termine!#ref!),"",termine!#ref!) -> #NAME? | C97: =IF(ISBLANK(termine!#ref!),"",termine!#ref!) -> #NAME? | D97: =IF(ISBLANK(termine!#ref!),"",termine!#ref!) -> #NAME? | E97: =IF(ISBLANK(termine!#ref!),"",termine!#ref!) -> #NAME? | F97: =IF(ISBLANK(termine!#ref!),"",termine!#ref!) -> #NAME? | G97: =IF(ISBLANK(termine!#ref!),"",termine!#ref!) -> #NAME? | H97: =IF(ISBLANK(termine!#ref!),"",termine!#ref!) -> #NAME?
A98: =termine!#ref! -> #NAME? | B98: =IF(ISBLANK(termine!#ref!),"",termine!#ref!) -> #NAME? | C98: =IF(ISBLANK(termine!#ref!),"",termine!#ref!) -> #NAME? | D98: =IF(ISBLANK(termine!#ref!),"",termine!#ref!) -> #NAME? | E98: =IF(ISBLANK(termine!#ref!),"",termine!#ref!) -> #NAME? | F98: =IF(ISBLANK(termine!#ref!),"",termine!#ref!) -> #NAME? | G98: =IF(ISBLANK(termine!#ref!),"",termine!#ref!) -> #NAME? | H98: =IF(ISBLANK(termine!#ref!),"",termine!#ref!) -> #NAME?
A99: =termine!#ref! -> #NAME? | B99: =IF(ISBLANK(termine!#ref!),"",termine!#ref!) -> #NAME? | C99: =IF(ISBLANK(termine!#ref!),"",termine!#ref!) -> #NAME? | D99: =IF(ISBLANK(termine!#ref!),"",termine!#ref!) -> #NAME? | E99: =IF(ISBLANK(termine!#ref!),"",termine!#ref!) -> #NAME? | F99: =IF(ISBLANK(termine!#ref!),"",termine!#ref!) -> #NAME? | G99: =IF(ISBLANK(termine!#ref!),"",termine!#ref!) -> #NAME? | H99: =IF(ISBLANK(termine!#ref!),"",termine!#ref!) -> #NAME?
A100: =termine!#ref! -> #NAME? | B100: =IF(ISBLANK(termine!#ref!),"",termine!#ref!) -> #NAME? | C100: =IF(ISBLANK(termine!#ref!),"",termine!#ref!) -> #NAME? | D100: =IF(ISBLANK(termine!#ref!),"",termine!#ref!) -> #NAME? | E100: =IF(ISBLANK(termine!#ref!),"",termine!#ref!) -> #NAME? | F100: =IF(ISBLANK(termine!#ref!),"",termine!#ref!) -> #NAME? | G100: =IF(ISBLANK(termine!#ref!),"",termine!#ref!) -> #NAME? | H100: =IF(ISBLANK(termine!#ref!),"",termine!#ref!) -> #NAME?
A101: =termine!#ref! -> #NAME? | B101: =IF(ISBLANK(termine!#ref!),"",termine!#ref!) -> #NAME? | C101: =IF(ISBLANK(termine!#ref!),"",termine!#ref!) -> #NAME? | D101: =IF(ISBLANK(termine!#ref!),"",termine!#ref!) -> #NAME? | E101: =IF(ISBLANK(termine!#ref!),"",termine!#ref!) -> #NAME? | F101: =IF(ISBLANK(termine!#ref!),"",termine!#ref!) -> #NAME? | G101: =IF(ISBLANK(termine!#ref!),"",termine!#ref!) -> #NAME? | H101: =IF(ISBLANK(termine!#ref!),"",termine!#ref!) -> #NAME?
A102: =termine!#ref! -> #NAME? | B102: =IF(ISBLANK(termine!#ref!),"",termine!#ref!) -> #NAME? | C102: =IF(ISBLANK(termine!#ref!),"",termine!#ref!) -> #NAME? | D102: =IF(ISBLANK(termine!#ref!),"",termine!#ref!) -> #NAME? | E102: =IF(ISBLANK(termine!#ref!),"",termine!#ref!) -> #NAME? | F102: =IF(ISBLANK(termine!#ref!),"",termine!#ref!) -> #NAME? | G102: =IF(ISBLANK(termine!#ref!),"",termine!#ref!) -> #NAME? | H102: =IF(ISBLANK(termine!#ref!),"",termine!#ref!) -> #NAME?
... A190: =termine!#ref! -> #NAME? | B190: =IF(ISBLANK(termine!#ref!),"",termine!#ref!) -> #NAME? | C190: =IF(ISBLANK(termine!#ref!),"",termine!#ref!) -> #NAME? | D190: =IF(ISBLANK(termine!#ref!),"",termine!#ref!) -> #NAME? | E190: =IF(ISBLANK(termine!#ref!),"",termine!#ref!) -> #NAME? | F190: =IF(ISBLANK(termine!#ref!),"",termine!#ref!) -> #NAME? | G190: =IF(ISBLANK(termine!#ref!),"",termine!#ref!) -> #NAME? | H190: =IF(ISBLANK(termine!#ref!),"",termine!#ref!) -> #NAME?
A191: =Termine!Q2 -> 46023 | B191: =IF(ISBLANK(Termine!R2),"",Termine!R2) -> Donnerstag | C191: =IF(ISBLANK(Termine!S2),"",Termine!S2) -> Feiertag | D191: =IF(ISBLANK(Termine!U2),"",Termine!U2) | E191: =IF(ISBLANK(Termine!V2),"",Termine!V2) | F191: =IF(ISBLANK(Termine!W2),"",Termine!W2) | G191: =IF(ISBLANK(Termine!X2),"",Termine!X2) | H191: =IF(ISBLANK(Termine!Y2),"",Termine!Y2)
A192: =Termine!Q3 -> 46024 | B192: =IF(ISBLANK(Termine!R3),"",Termine!R3) -> Freitag | C192: =IF(ISBLANK(Termine!S3),"",Termine!S3) -> frei | D192: =IF(ISBLANK(Termine!U3),"",Termine!U3) | E192: =IF(ISBLANK(Termine!V3),"",Termine!V3) | F192: =IF(ISBLANK(Termine!W3),"",Termine!W3) | G192: =IF(ISBLANK(Termine!X3),"",Termine!X3) | H192: =IF(ISBLANK(Termine!Y3),"",Termine!Y3)
A193: =Termine!Q4 -> 46025 | B193: =IF(ISBLANK(Termine!R4),"",Termine!R4) -> Samstag | C193: =IF(ISBLANK(Termine!S4),"",Termine!S4) | D193: =IF(ISBLANK(Termine!U4),"",Termine!U4) | E193: =IF(ISBLANK(Termine!V4),"",Termine!V4) | F193: =IF(ISBLANK(Termine!W4),"",Termine!W4) | G193: =IF(ISBLANK(Termine!X4),"",Termine!X4) | H193: =IF(ISBLANK(Termine!Y4),"",Termine!Y4)
A194: =Termine!Q5 -> 46026 | B194: =IF(ISBLANK(Termine!R5),"",Termine!R5) -> Sonntag | C194: =IF(ISBLANK(Termine!S5),"",Termine!S5) | D194: =IF(ISBLANK(Termine!U5),"",Termine!U5) | E194: =IF(ISBLANK(Termine!V5),"",Termine!V5) | F194: =IF(ISBLANK(Termine!W5),"",Termine!W5) | G194: =IF(ISBLANK(Termine!X5),"",Termine!X5) | H194: =IF(ISBLANK(Termine!Y5),"",Termine!Y5)
A195: =Termine!Q6 -> 46027 | B195: =IF(ISBLANK(Termine!R6),"",Termine!R6) -> Montag | C195: =IF(ISBLANK(Termine!S6),"",Termine!S6) -> frei | D195: =IF(ISBLANK(Termine!U6),"",Termine!U6) | E195: =IF(ISBLANK(Termine!V6),"",Termine!V6) | F195: =IF(ISBLANK(Termine!W6),"",Termine!W6) | G195: =IF(ISBLANK(Termine!X6),"",Termine!X6) | H195: =IF(ISBLANK(Termine!Y6),"",Termine!Y6)
A196: =Termine!Q7 -> 46028 | B196: =IF(ISBLANK(Termine!R7),"",Termine!R7) -> Dienstag | C196: =IF(ISBLANK(Termine!S7),"",Termine!S7) -> Feiertag | D196: =IF(ISBLANK(Termine!U7),"",Termine!U7) | E196: =IF(ISBLANK(Termine!V7),"",Termine!V7) | F196: =IF(ISBLANK(Termine!W7),"",Termine!W7) | G196: =IF(ISBLANK(Termine!X7),"",Termine!X7) | H196: =IF(ISBLANK(Termine!Y7),"",Termine!Y7)
A197: =Termine!Q8 -> 46029 | B197: =IF(ISBLANK(Termine!R8),"",Termine!R8) -> Mittwoch | C197: =IF(ISBLANK(Termine!S8),"",Termine!S8) -> Krank | D197: =IF(ISBLANK(Termine!U8),"",Termine!U8) | E197: =IF(ISBLANK(Termine!V8),"",Termine!V8) | F197: =IF(ISBLANK(Termine!W8),"",Termine!W8) | G197: =IF(ISBLANK(Termine!X8),"",Termine!X8) | H197: =IF(ISBLANK(Termine!Y8),"",Termine!Y8)
A198: =Termine!Q9 -> 46030 | B198: =IF(ISBLANK(Termine!R9),"",Termine!R9) -> Donnerstag | C198: =IF(ISBLANK(Termine!S9),"",Termine!S9) -> Krank | D198: =IF(ISBLANK(Termine!U9),"",Termine!U9) | E198: =IF(ISBLANK(Termine!V9),"",Termine!V9) | F198: =IF(ISBLANK(Termine!W9),"",Termine!W9) | G198: =IF(ISBLANK(Termine!X9),"",Termine!X9) | H198: =IF(ISBLANK(Termine!Y9),"",Termine!Y9)
A199: =Termine!Q10 -> 46031 | B199: =IF(ISBLANK(Termine!R10),"",Termine!R10) -> Freitag | C199: =IF(ISBLANK(Termine!S10),"",Termine!S10) -> Krank | D199: =IF(ISBLANK(Termine!U10),"",Termine!U10) | E199: =IF(ISBLANK(Termine!V10),"",Termine!V10) | F199: =IF(ISBLANK(Termine!W10),"",Termine!W10) | G199: =IF(ISBLANK(Termine!X10),"",Termine!X10) | H199: =IF(ISBLANK(Termine!Y10),"",Termine!Y10)
A200: =Termine!Q11 -> 46032 | B200: =IF(ISBLANK(Termine!R11),"",Termine!R11) -> Samstag | C200: =IF(ISBLANK(Termine!S11),"",Termine!S11) | D200: =IF(ISBLANK(Termine!U11),"",Termine!U11) | E200: =IF(ISBLANK(Termine!V11),"",Termine!V11) | F200: =IF(ISBLANK(Termine!W11),"",Termine!W11) | G200: =IF(ISBLANK(Termine!X11),"",Termine!X11) | H200: =IF(ISBLANK(Termine!Y11),"",Termine!Y11)
A201: =Termine!Q12 -> 46033 | B201: =IF(ISBLANK(Termine!R12),"",Termine!R12) -> Sonntag | C201: =IF(ISBLANK(Termine!S12),"",Termine!S12) | D201: =IF(ISBLANK(Termine!U12),"",Termine!U12) | E201: =IF(ISBLANK(Termine!V12),"",Termine!V12) | F201: =IF(ISBLANK(Termine!W12),"",Termine!W12) | G201: =IF(ISBLANK(Termine!X12),"",Termine!X12) | H201: =IF(ISBLANK(Termine!Y12),"",Termine!Y12)
A202: =Termine!Q13 -> 46034 | B202: =IF(ISBLANK(Termine!R13),"",Termine!R13) -> Montag | C202: =IF(ISBLANK(Termine!S13),"",Termine!S13) -> Arbeit | D202: =IF(ISBLANK(Termine!U13),"",Termine!U13) -> Buxtehude | E202: =IF(ISBLANK(Termine!V13),"",Termine!V13) | F202: =IF(ISBLANK(Termine!W13),"",Termine!W13) -> Anton | G202: =IF(ISBLANK(Termine!X13),"",Termine!X13) | H202: =IF(ISBLANK(Termine!Y13),"",Termine!Y13)
... A287: =Termine!Q98 -> 46119 | B287: =IF(ISBLANK(Termine!R98),"",Termine!R98) -> Dienstag | C287: =IF(ISBLANK(Termine!S98),"",Termine!S98) -> Omicron m. Distanzschutz | D287: =IF(ISBLANK(Termine!U98),"",Termine!U98) -> Eineborn | E287: =IF(ISBLANK(Termine!V98),"",Termine!V98) -> Google-Code: RWM4+4FM Lindenkreuz, Koordinaten: 50°49'58.2"N 11°54'22.3"E, 07589 Lindenkreuz | F287: =IF(ISBLANK(Termine!W98),"",Termine!W98) -> Rico Wawrzyniak 0171 3885943 | G287: =IF(ISBLANK(Termine!X98),"",Termine!X98) -> Wandlerprüfung 110kV - Wandlerprüfung 30kV - Verdrahtungs- und Funktionsprüfung in 110kV und 30kV Anlage - Schutzprüfung | H287: =IF(ISBLANK(Termine!Y98),"",Termine!Y98) -> mit Elias, 2. Omicron,2. Auto
A288: =Termine!Q99 -> 46120 | B288: =IF(ISBLANK(Termine!R99),"",Termine!R99) -> Mittwoch | C288: =IF(ISBLANK(Termine!S99),"",Termine!S99) -> Omicron m. Distanzschutz | D288: =IF(ISBLANK(Termine!V99),"",Termine!V99) -> Google-Code: RWM4+4FM Lindenkreuz, Koordinaten: 50°49'58.2"N 11°54'22.3"E, 07589 Lindenkreuz | E288: =IF(ISBLANK(Termine!W99),"",Termine!W99) -> Rico Wawrzyniak 0171 3885943 | F288: =IF(ISBLANK(Termine!W99),"",Termine!W99) -> Rico Wawrzyniak 0171 3885943 | G288: =IF(ISBLANK(Termine!X99),"",Termine!X99) | H288: =IF(ISBLANK(Termine!Y99),"",Termine!Y99) -> mit Elias, 2. Omicron,2. Auto
A289: =Termine!Q100 -> 46121 | B289: =IF(ISBLANK(Termine!R100),"",Termine!R100) -> Donnerstag | C289: =IF(ISBLANK(Termine!S100),"",Termine!S100) -> Omicron m. Distanzschutz | D289: =IF(ISBLANK(Termine!V100),"",Termine!V100) -> Google-Code: RWM4+4FM Lindenkreuz, Koordinaten: 50°49'58.2"N 11°54'22.3"E, 07589 Lindenkreuz | E289: =IF(ISBLANK(Termine!W100),"",Termine!W100) -> Rico Wawrzyniak 0171 3885943 | F289: =IF(ISBLANK(Termine!W100),"",Termine!W100) -> Rico Wawrzyniak 0171 3885943 | G289: =IF(ISBLANK(Termine!X100),"",Termine!X100) | H289: =IF(ISBLANK(Termine!Y100),"",Termine!Y100) -> Elias macht Crivitz
A290: =Termine!Q101 -> 46122 | B290: =IF(ISBLANK(Termine!R101),"",Termine!R101) -> Freitag | C290: =IF(ISBLANK(Termine!S101),"",Termine!S101) -> Omicron m. Distanzschutz | D290: =IF(ISBLANK(Termine!V101),"",Termine!V101) -> Google-Code: RWM4+4FM Lindenkreuz, Koordinaten: 50°49'58.2"N 11°54'22.3"E, 07589 Lindenkreuz | E290: =IF(ISBLANK(Termine!W101),"",Termine!W101) -> Rico Wawrzyniak 0171 3885943 | F290: =IF(ISBLANK(Termine!W101),"",Termine!W101) -> Rico Wawrzyniak 0171 3885943 | G290: =IF(ISBLANK(Termine!X101),"",Termine!X101) | H290: =IF(ISBLANK(Termine!Y101),"",Termine!Y101) -> Elias macht Crivitz
A291: =Termine!Q102 -> 46123 | B291: =IF(ISBLANK(Termine!R102),"",Termine!R102) -> Samstag | C291: =IF(ISBLANK(Termine!S102),"",Termine!S102) | D291: =IF(ISBLANK(Termine!U102),"",Termine!U102) | E291: =IF(ISBLANK(Termine!V102),"",Termine!V102) | F291: =IF(ISBLANK(Termine!W102),"",Termine!W102) | G291: =IF(ISBLANK(Termine!X102),"",Termine!X102) | H291: =IF(ISBLANK(Termine!Y102),"",Termine!Y102)
A292: =Termine!Q103 -> 46124 | B292: =IF(ISBLANK(Termine!R103),"",Termine!R103) -> Sonntag | C292: =IF(ISBLANK(Termine!S103),"",Termine!S103) | D292: =IF(ISBLANK(Termine!U103),"",Termine!U103) | E292: =IF(ISBLANK(Termine!V103),"",Termine!V103) | F292: =IF(ISBLANK(Termine!W103),"",Termine!W103) | G292: =IF(ISBLANK(Termine!X103),"",Termine!X103) | H292: =IF(ISBLANK(Termine!Y103),"",Termine!Y103)
A293: =Termine!Q104 -> 46125 | B293: =IF(ISBLANK(Termine!R104),"",Termine!R104) -> Montag | C293: =IF(ISBLANK(Termine!S105),"",Termine!S105) -> Omicron m. Distanzschutz | D293: =IF(ISBLANK(Termine!U104),"",Termine!U104) -> Eineborn | E293: =IF(ISBLANK(Termine!V104),"",Termine!V104) | F293: =IF(ISBLANK(Termine!W104),"",Termine!W104) | G293: =IF(ISBLANK(Termine!X104),"",Termine!X104) | H293: =IF(ISBLANK(Termine!Y104),"",Termine!Y104)
A294: =Termine!Q105 -> 46126 | B294: =IF(ISBLANK(Termine!R105),"",Termine!R105) -> Dienstag | C294: =IF(ISBLANK(Termine!S106),"",Termine!S106) -> Omicron m. Distanzschutz | D294: =IF(ISBLANK(Termine!U105),"",Termine!U105) -> Eineborn | E294: =IF(ISBLANK(Termine!V105),"",Termine!V105) | F294: =IF(ISBLANK(Termine!W105),"",Termine!W105) | G294: =IF(ISBLANK(Termine!X105),"",Termine!X105) | H294: =IF(ISBLANK(Termine!Y105),"",Termine!Y105)
A295: =Termine!Q106 -> 46127 | B295: =IF(ISBLANK(Termine!R106),"",Termine!R106) -> Mittwoch | C295: =IF(ISBLANK(Termine!S107),"",Termine!S107) -> 2026-04 | D295: =IF(ISBLANK(Termine!U106),"",Termine!U106) -> Eineborn | E295: =IF(ISBLANK(Termine!V106),"",Termine!V106) | F295: =IF(ISBLANK(Termine!W106),"",Termine!W106) | G295: =IF(ISBLANK(Termine!X106),"",Termine!X106) | H295: =IF(ISBLANK(Termine!Y106),"",Termine!Y106)
A296: =Termine!Q107 -> 46128 | B296: =IF(ISBLANK(Termine!R107),"",Termine!R107) -> Donnerstag | C296: =IF(ISBLANK(Termine!S108),"",Termine!S108) -> 2026-04 | D296: =IF(ISBLANK(Termine!U107),"",Termine!U107) -> Roth bei Prüm | E296: =IF(ISBLANK(Termine!V107),"",Termine!V107) -> 54611 Hallschlag , Auf´m Beul | F296: =IF(ISBLANK(Termine!W107),"",Termine!W107) | G296: =IF(ISBLANK(Termine!X107),"",Termine!X107) -> Schutzprüfung | H296: =IF(ISBLANK(Termine!Y107),"",Termine!Y107) -> FWA bespielen
A297: =Termine!Q108 -> 46129 | B297: =IF(ISBLANK(Termine!R108),"",Termine!R108) -> Freitag | C297: =IF(ISBLANK(Termine!S109),"",Termine!S109) | D297: =IF(ISBLANK(Termine!U108),"",Termine!U108) -> Himmighofen-Kasdorf | E297: =IF(ISBLANK(Termine!V108),"",Termine!V108) -> 50°10'50.6"N 7°43'31.6"E | F297: =IF(ISBLANK(Termine!W108),"",Termine!W108) | G297: =IF(ISBLANK(Termine!X108),"",Termine!X108) -> Schutzprüfung, Hochlaufprüfung ?? In Klärung | H297: =IF(ISBLANK(Termine!Y108),"",Termine!Y108) -> Elias macht Crivitz
A298: =Termine!Q109 -> 46130 | B298: =IF(ISBLANK(Termine!R109),"",Termine!R109) -> Samstag | C298: =IF(ISBLANK(Termine!S109),"",Termine!S109) | D298: =IF(ISBLANK(Termine!U109),"",Termine!U109) | E298: =IF(ISBLANK(Termine!V109),"",Termine!V109) | F298: =IF(ISBLANK(Termine!W109),"",Termine!W109) | G298: =IF(ISBLANK(Termine!X109),"",Termine!X109) | H298: =IF(ISBLANK(Termine!Y109),"",Termine!Y109)
A299: =Termine!Q110 -> 46131 | B299: =IF(ISBLANK(Termine!R110),"",Termine!R110) -> Sonntag | C299: =IF(ISBLANK(Termine!S110),"",Termine!S110) -> 2026-01 auch Mo. | D299: =IF(ISBLANK(Termine!U110),"",Termine!U110) -> Melle | E299: =IF(ISBLANK(Termine!V110),"",Termine!V110) -> 49326 Melle, Im Wieven 35 | F299: =IF(ISBLANK(Termine!W110),"",Termine!W110) | G299: =IF(ISBLANK(Termine!X110),"",Termine!X110) -> I>: 364A; t=0,25s;; I>>: 1092A; t=0,0s | H299: =IF(ISBLANK(Termine!Y110),"",Termine!Y110) -> Spies, Melle - Selektivität UMZ-Schutz
A300: =Termine!Q111 -> 46132 | B300: =IF(ISBLANK(Termine!R111),"",Termine!R111) -> Montag | C300: =IF(ISBLANK(Termine!S111),"",Termine!S111) -> P-26-39/ Sonderschlüssel | D300: =IF(ISBLANK(Termine!U111),"",Termine!U111) -> Rietberg | E300: =IF(ISBLANK(Termine!V111),"",Termine!V111) -> 33397 Rietberg Mastholter Str. 42 | F300: =IF(ISBLANK(Termine!W111),"",Termine!W111) | G300: =IF(ISBLANK(Termine!X111),"",Termine!X111) -> 9:00-11:00 | H300: =IF(ISBLANK(Termine!Y111),"",Termine!Y111) -> Schutzwerte anpassen Quelle-Senke Westnetz
A301: =Termine!Q112 -> 46133 | B301: =IF(ISBLANK(Termine!R112),"",Termine!R112) -> Dienstag | C301: =IF(ISBLANK(Termine!S112),"",Termine!S112) -> 2026-04 / in Bünde | D301: =IF(ISBLANK(Termine!U112),"",Termine!U112) -> 4550 ABO Energy | Schömberg | E301: =IF(ISBLANK(Termine!V112),"",Termine!V112) -> Bünde | F301: =IF(ISBLANK(Termine!W112),"",Termine!W112) | G301: =IF(ISBLANK(Termine!X112),"",Termine!X112) | H301: =IF(ISBLANK(Termine!Y112),"",Termine!Y112)
A302: =Termine!Q113 -> 46134 | B302: =IF(ISBLANK(Termine!R113),"",Termine!R113) -> Mittwoch | C302: =IF(ISBLANK(Termine!S113),"",Termine!S113) -> SBG Schlüssel | D302: =IF(ISBLANK(Termine!U113),"",Termine!U113) -> Vechelde | E302: =IF(ISBLANK(Termine!V113),"",Termine!V113) -> 38159 Vechelde, Zum Wahler Grund | F302: =IF(ISBLANK(Termine!W113),"",Termine!W113) | G302: =IF(ISBLANK(Termine!X113),"",Termine!X113) -> Bürdemessung u. Vorbittest | H302: =IF(ISBLANK(Termine!Y113),"",Termine!Y113) -> mit Hagen
A303: =Termine!Q114 -> 46135 | B303: =IF(ISBLANK(Termine!R114),"",Termine!R114) -> Donnerstag | C303: =IF(ISBLANK(Termine!S114),"",Termine!S114) -> Hotel gebucht Köln | D303: =IF(ISBLANK(Termine!U114),"",Termine!U114) | E303: =IF(ISBLANK(Termine!V114),"",Termine!V114) -> TÜV Rheinland Akademie Köln | F303: =IF(ISBLANK(Termine!W114),"",Termine!W114) | G303: =IF(ISBLANK(Termine!X114),"",Termine!X114) -> Sicherer Netzschutz für einen störungsfreien Betrieb. | H303: =IF(ISBLANK(Termine!Y114),"",Termine!Y114) -> mit Hagen
A304: =Termine!Q115 -> 46136 | B304: =IF(ISBLANK(Termine!R115),"",Termine!R115) -> Freitag | C304: =IF(ISBLANK(Termine!S115),"",Termine!S115) -> 22.04.-24.04 | D304: =IF(ISBLANK(Termine!U115),"",Termine!U115) | E304: =IF(ISBLANK(Termine!V115),"",Termine!V115) -> Am Grauen Stein 27 | F304: =IF(ISBLANK(Termine!W115),"",Termine!W115) | G304: =IF(ISBLANK(Termine!X115),"",Termine!X115) -> Sicherer Netzschutz für einen störungsfreien Betrieb. | H304: =IF(ISBLANK(Termine!Y115),"",Termine!Y115) -> mit Hagen
A305: =Termine!Q116 -> 46137 | B305: =IF(ISBLANK(Termine!R116),"",Termine!R116) -> Samstag | C305: =IF(ISBLANK(Termine!S116),"",Termine!S116) | D305: =IF(ISBLANK(Termine!U116),"",Termine!U116) | E305: =IF(ISBLANK(Termine!V116),"",Termine!V116) -> 51195 Köln | F305: =IF(ISBLANK(Termine!W116),"",Termine!W116) | G305: =IF(ISBLANK(Termine!X116),"",Termine!X116) | H305: =IF(ISBLANK(Termine!Y116),"",Termine!Y116)
A306: =Termine!Q117 -> 46138 | B306: =IF(ISBLANK(Termine!R117),"",Termine!R117) -> Sonntag | C306: =IF(ISBLANK(Termine!S117),"",Termine!S117) | D306: =IF(ISBLANK(Termine!U117),"",Termine!U117) | E306: =IF(ISBLANK(Termine!V117),"",Termine!V117) | F306: =IF(ISBLANK(Termine!W117),"",Termine!W117) | G306: =IF(ISBLANK(Termine!X117),"",Termine!X117) | H306: =IF(ISBLANK(Termine!Y117),"",Termine!Y117)
A307: =Termine!Q118 -> 46139 | B307: =IF(ISBLANK(Termine!R118),"",Termine!R118) -> Montag | C307: =IF(ISBLANK(Termine!S118),"",Termine!S118) -> Hotel gebucht , vor Ort bezahlen | D307: =IF(ISBLANK(Termine!U118),"",Termine!U118) -> UW Gesundbrunnen | E307: =IF(ISBLANK(Termine!V118),"",Termine!V118) -> 13357 Berlin, Böttgerstr. 29-31 | F307: =IF(ISBLANK(Termine!W118),"",Termine!W118) -> Heiko Lohse 0170 7599 984 | G307: =IF(ISBLANK(Termine!X118),"",Termine!X118) -> IBN 32 Schaltfelder | H307: =IF(ISBLANK(Termine!Y118),"",Termine!Y118) -> mit Elias
A308: =Termine!Q119 -> 46140 | B308: =IF(ISBLANK(Termine!R119),"",Termine!R119) -> Dienstag | C308: =IF(ISBLANK(Termine!S119),"",Termine!S119) -> Hotel gebucht , vor Ort bezahlen | D308: =IF(ISBLANK(Termine!U119),"",Termine!U119) -> UW Gesundbrunnen | E308: =IF(ISBLANK(Termine!V119),"",Termine!V119) -> 13357 Berlin, Böttgerstr. 29-31 | F308: =IF(ISBLANK(Termine!W119),"",Termine!W119) | G308: =IF(ISBLANK(Termine!X119),"",Termine!X119) -> PSA: Helm, Schutzschuhe, Arbeitsjacke,-hose | H308: =IF(ISBLANK(Termine!Y119),"",Termine!Y119)
A309: =Termine!Q120 -> 46141 | B309: =IF(ISBLANK(Termine!R120),"",Termine!R120) -> Mittwoch | C309: =IF(ISBLANK(Termine!S120),"",Termine!S120) -> Hotel gebucht , vor Ort bezahlen | D309: =IF(ISBLANK(Termine!U120),"",Termine!U120) -> UW Gesundbrunnen | E309: =IF(ISBLANK(Termine!V120),"",Termine!V120) -> 13357 Berlin, Böttgerstr. 29-31 | F309: =IF(ISBLANK(Termine!W120),"",Termine!W120) | G309: =IF(ISBLANK(Termine!X120),"",Termine!X120) -> Montag ist Einweisung und Ortsbegehung.8:00 Uhr Absprachen zu Prüfungen und Inbetriebsetzungen etc. Dienstag bekommen wir die Arbeiterlaubnis und dann geht´s los. | H309: =IF(ISBLANK(Termine!Y120),"",Termine!Y120)
... A356: =Termine!Q167 -> 46188 | B356: =IF(ISBLANK(Termine!R167),"",Termine!R167) -> Montag | C356: =IF(ISBLANK(Termine!S167),"",Termine!S167) -> 9 Uhr | D356: =IF(ISBLANK(Termine!U167),"",Termine!U167) -> Bremerhaven | E356: =IF(ISBLANK(Termine!V167),"",Termine!V167) -> 27570 Bremerhaven, Bülkenstr. 22 | F356: =IF(ISBLANK(Termine!W167),"",Termine!W167) -> SBG Schlüssel | G356: =IF(ISBLANK(Termine!X167),"",Termine!X167) -> diverse Mängel noch abarbeiten | H356: =IF(ISBLANK(Termine!Y167),"",Termine!Y167) -> P-26-82 – 7SR45
A357: =Termine!Q168 -> 46189 | B357: =IF(ISBLANK(Termine!R168),"",Termine!R168) -> Dienstag | C357: =IF(ISBLANK(Termine!S168),"",Termine!S168) -> 9 Uhr | D357: =IF(ISBLANK(Termine!U168),"",Termine!U168) -> Giffhorn | E357: Gifhorn, Winkeler Str. 4a | F357: =IF(ISBLANK(Termine!W168),"",Termine!W168) | G357: =IF(ISBLANK(Termine!X168),"",Termine!X168) | H357: =IF(ISBLANK(Termine!Y168),"",Termine!Y168) -> 2 x QU-SEG MRA4
A358: =Termine!Q169 -> 46190 | B358: =IF(ISBLANK(Termine!R169),"",Termine!R169) -> Mittwoch | C358: =IF(ISBLANK(Termine!S169),"",Termine!S169) -> P-26-67 | D358: =IF(ISBLANK(Termine!U169),"",Termine!U169) -> Hildesheim | E358: =IF(ISBLANK(Termine!V169),"",Termine!V169) -> Baurat-Köhler-Straße 20, 31135 Hildesheim (Reifencom) | F358: =IF(ISBLANK(Termine!W169),"",Termine!W169) | G358: =IF(ISBLANK(Termine!X169),"",Termine!X169) -> Schutz hat nicht funktioniert | H358: =IF(ISBLANK(Termine!Y169),"",Termine!Y169) -> 7SJ82 - Fehler DAF Datei ?
A359: =Termine!Q170 -> 46191 | B359: =IF(ISBLANK(Termine!R170),"",Termine!R170) -> Donnerstag | C359: =IF(ISBLANK(Termine!S170),"",Termine!S170) -> Hochl.-11-16 Uhr | D359: =IF(ISBLANK(Termine!U170),"",Termine!U170) -> Meschede | E359: =IF(ISBLANK(Termine!V170),"",Termine!V170) -> 59872 Meschede, Le-Puy -Str . 21 | F359: =IF(ISBLANK(Termine!W170),"",Termine!W170) -> Schutz u. Hochlaufprüfung | G359: =IF(ISBLANK(Termine!X170),"",Termine!X170) | H359: =IF(ISBLANK(Termine!Y170),"",Termine!Y170) -> 7SJ8032
A360: =Termine!Q171 -> 46192 | B360: =IF(ISBLANK(Termine!R171),"",Termine!R171) -> Freitag | C360: =IF(ISBLANK(Termine!S171),"",Termine!S171) -> Niklas frei | D360: =IF(ISBLANK(Termine!U171),"",Termine!U171) | E360: =IF(ISBLANK(Termine!V171),"",Termine!V171) | F360: =IF(ISBLANK(Termine!W171),"",Termine!W171) | G360: =IF(ISBLANK(Termine!X171),"",Termine!X171) | H360: =IF(ISBLANK(Termine!Y171),"",Termine!Y171)
A361: =Termine!Q172 -> 46193 | B361: =IF(ISBLANK(Termine!R172),"",Termine!R172) -> Samstag | C361: =IF(ISBLANK(Termine!S172),"",Termine!S172) | D361: =IF(ISBLANK(Termine!U172),"",Termine!U172) | E361: =IF(ISBLANK(Termine!V172),"",Termine!V172) | F361: =IF(ISBLANK(Termine!W172),"",Termine!W172) -> Achtung: Email an Angelo beachten, noch nicht geklärt was getan werden soll! | G361: =IF(ISBLANK(Termine!X172),"",Termine!X172) -> Wiederholung Schutzprüfung nach Mängel durch Zertifizierer | H361: =IF(ISBLANK(Termine!Y172),"",Termine!Y172)
A362: =Termine!Q173 -> 46194 | B362: =IF(ISBLANK(Termine!R173),"",Termine!R173) -> Sonntag | C362: =IF(ISBLANK(Termine!S173),"",Termine!S173) | D362: =IF(ISBLANK(Termine!U173),"",Termine!U173) | E362: =IF(ISBLANK(Termine!V173),"",Termine!V173) | F362: =IF(ISBLANK(Termine!W173),"",Termine!W173) | G362: =IF(ISBLANK(Termine!X173),"",Termine!X173) | H362: =IF(ISBLANK(Termine!Y173),"",Termine!Y173)
A363: =Termine!Q174 -> 46195 | B363: =IF(ISBLANK(Termine!R174),"",Termine!R174) -> Montag | C363: =IF(ISBLANK(Termine!S174),"",Termine!S174) -> 10 Uhr | D363: =IF(ISBLANK(Termine!U174),"",Termine!U174) -> Barsinghausen | E363: =IF(ISBLANK(Termine!V174),"",Termine!V174) -> 30890 Barsinghausen, Dieselstr. 5 | F363: =IF(ISBLANK(Termine!W174),"",Termine!W174) -> Stefan Böse 0151 12201010 | G363: =IF(ISBLANK(Termine!X174),"",Termine!X174) | H363: =IF(ISBLANK(Termine!Y174),"",Termine!Y174) -> Bittest / KEIN ! LMM / LKW Ladesäulen
A364: =Termine!Q175 -> 46196 | B364: =IF(ISBLANK(Termine!R175),"",Termine!R175) -> Dienstag | C364: =IF(ISBLANK(Termine!S175),"",Termine!S175) | D364: =IF(ISBLANK(Termine!U175),"",Termine!U175) -> Salamander - Türkheim | E364: =IF(ISBLANK(Termine!V175),"",Termine!V175) -> Wiedergeltinger Str. 8, 86842 Türkheim | F364: =IF(ISBLANK(Termine!W175),"",Termine!W175) | G364: =IF(ISBLANK(Termine!X175),"",Termine!X175) | H364: =IF(ISBLANK(Termine!Y175),"",Termine!Y175) -> 4 x SEG MRA4 als QU-Schutz und 3 x CM-UFD.M31 als ZEKS.
A365: =Termine!Q176 -> 46197 | B365: =IF(ISBLANK(Termine!R176),"",Termine!R176) -> Mittwoch | C365: =IF(ISBLANK(Termine!S176),"",Termine!S176) | D365: =IF(ISBLANK(Termine!U176),"",Termine!U176) -> Salamander | E365: =IF(ISBLANK(Termine!V176),"",Termine!V176) -> Wiedergeltinger Str. 8, 86842 Türkheim | F365: =IF(ISBLANK(Termine!W176),"",Termine!W176) | G365: =IF(ISBLANK(Termine!X176),"",Termine!X176) | H365: =IF(ISBLANK(Termine!Y176),"",Termine!Y176) -> 4 x SEG MRA4 als QU-Schutz und 3 x CM-UFD.M31 als ZEKS.
A366: =Termine!Q177 -> 46198 | B366: =IF(ISBLANK(Termine!R177),"",Termine!R177) -> Donnerstag | C366: =IF(ISBLANK(Termine!S177),"",Termine!S177) | D366: =IF(ISBLANK(Termine!U177),"",Termine!U177) | E366: =IF(ISBLANK(Termine!V177),"",Termine!V177) | F366: =IF(ISBLANK(Termine!W177),"",Termine!W177) | G366: =IF(ISBLANK(Termine!X177),"",Termine!X177) | H366: =IF(ISBLANK(Termine!Y177),"",Termine!Y177)
A367: =Termine!Q178 -> 46199 | B367: =IF(ISBLANK(Termine!R178),"",Termine!R178) -> Freitag | C367: =IF(ISBLANK(Termine!S178),"",Termine!S178) -> Niklas frei | D367: =IF(ISBLANK(Termine!U178),"",Termine!U178) | E367: =IF(ISBLANK(Termine!V178),"",Termine!V178) | F367: =IF(ISBLANK(Termine!W178),"",Termine!W178) | G367: =IF(ISBLANK(Termine!X178),"",Termine!X178) | H367: =IF(ISBLANK(Termine!Y178),"",Termine!Y178)
A368: =Termine!Q179 -> 46200 | B368: =IF(ISBLANK(Termine!R179),"",Termine!R179) -> Samstag | C368: =IF(ISBLANK(Termine!S179),"",Termine!S179) | D368: =IF(ISBLANK(Termine!U179),"",Termine!U179) | E368: =IF(ISBLANK(Termine!V179),"",Termine!V179) | F368: =IF(ISBLANK(Termine!W179),"",Termine!W179) | G368: =IF(ISBLANK(Termine!X179),"",Termine!X179) | H368: =IF(ISBLANK(Termine!Y179),"",Termine!Y179)
A369: =Termine!Q180 -> 46201 | B369: =IF(ISBLANK(Termine!R180),"",Termine!R180) -> Sonntag | C369: =IF(ISBLANK(Termine!S180),"",Termine!S180) -> Fernsupport für Finn Montag Osterburken Werte übermitteln , Schömberg Fernsupport auch Finn Diensatg | D369: =IF(ISBLANK(Termine!U180),"",Termine!U180) | E369: =IF(ISBLANK(Termine!V180),"",Termine!V180) | F369: =IF(ISBLANK(Termine!W180),"",Termine!W180) | G369: =IF(ISBLANK(Termine!X180),"",Termine!X180) | H369: =IF(ISBLANK(Termine!Y180),"",Termine!Y180)
A370: =Termine!Q181 -> 46202 | B370: =IF(ISBLANK(Termine!R181),"",Termine!R181) -> Montag | C370: =IF(ISBLANK(Termine!W181),"",Termine!W181) | D370: =IF(ISBLANK(Termine!U181),"",Termine!U181) | E370: =IF(ISBLANK(Termine!V181),"",Termine!V181) | F370: =IF(ISBLANK(Termine!W181),"",Termine!W181) | G370: =IF(ISBLANK(Termine!X181),"",Termine!X181) | H370: =IF(ISBLANK(Termine!Y181),"",Termine!Y181)
A371: =Termine!Q182 -> 46203 | B371: =IF(ISBLANK(Termine!R182),"",Termine!R182) -> Dienstag | C371: =IF(ISBLANK(Termine!W182),"",Termine!W182) | D371: =IF(ISBLANK(Termine!U182),"",Termine!U182) -> Groß Köris | E371: =IF(ISBLANK(Termine!V182),"",Termine!V182) -> 15746 Groß Köris, Berliner Str. 20 | F371: =IF(ISBLANK(Termine!W182),"",Termine!W182) | G371: =IF(ISBLANK(Termine!X182),"",Termine!X182) | H371: =IF(ISBLANK(Termine!Y182),"",Termine!Y182) -> Vorbittest mit Protokoll
A372: =Termine!Q183 -> 46204 | B372: =IF(ISBLANK(Termine!R183),"",Termine!R183) -> Mittwoch | C372: =IF(ISBLANK(Termine!S183),"",Termine!S183) -> Urlaub | D372: =IF(ISBLANK(Termine!U183),"",Termine!U183) | E372: =IF(ISBLANK(Termine!V183),"",Termine!V183) | F372: =IF(ISBLANK(Termine!W183),"",Termine!W183) | G372: =IF(ISBLANK(Termine!X183),"",Termine!X183) | H372: =IF(ISBLANK(Termine!Y183),"",Termine!Y183)
A373: =Termine!Q184 -> 46205 | B373: =IF(ISBLANK(Termine!R184),"",Termine!R184) -> Donnerstag | C373: =IF(ISBLANK(Termine!S184),"",Termine!S184) -> Urlaub | D373: =IF(ISBLANK(Termine!U184),"",Termine!U184) | E373: =IF(ISBLANK(Termine!V184),"",Termine!V184) | F373: =IF(ISBLANK(Termine!W184),"",Termine!W184) | G373: =IF(ISBLANK(Termine!X184),"",Termine!X184) | H373: =IF(ISBLANK(Termine!Y184),"",Termine!Y184)
A374: =Termine!Q185 -> 46206 | B374: =IF(ISBLANK(Termine!R185),"",Termine!R185) -> Freitag | C374: =IF(ISBLANK(Termine!S185),"",Termine!S185) -> Urlaub | D374: =IF(ISBLANK(Termine!U185),"",Termine!U185) | E374: =IF(ISBLANK(Termine!V185),"",Termine!V185) | F374: =IF(ISBLANK(Termine!W185),"",Termine!W185) | G374: =IF(ISBLANK(Termine!X185),"",Termine!X185) | H374: =IF(ISBLANK(Termine!Y185),"",Termine!Y185)
A375: =Termine!Q186 -> 46207 | B375: =IF(ISBLANK(Termine!R186),"",Termine!R186) -> Samstag | C375: =IF(ISBLANK(Termine!S186),"",Termine!S186) | D375: =IF(ISBLANK(Termine!U186),"",Termine!U186) | E375: =IF(ISBLANK(Termine!V186),"",Termine!V186) | F375: =IF(ISBLANK(Termine!W186),"",Termine!W186) | G375: =IF(ISBLANK(Termine!X186),"",Termine!X186) | H375: =IF(ISBLANK(Termine!Y186),"",Termine!Y186)
A376: =Termine!Q187 -> 46208 | B376: =IF(ISBLANK(Termine!R187),"",Termine!R187) -> Sonntag | C376: =IF(ISBLANK(Termine!S187),"",Termine!S187) | D376: =IF(ISBLANK(Termine!U187),"",Termine!U187) | E376: =IF(ISBLANK(Termine!V187),"",Termine!V187) | F376: =IF(ISBLANK(Termine!W187),"",Termine!W187) | G376: =IF(ISBLANK(Termine!X187),"",Termine!X187) | H376: =IF(ISBLANK(Termine!Y187),"",Termine!Y187)
A377: =Termine!Q188 -> 46209 | B377: =IF(ISBLANK(Termine!R188),"",Termine!R188) -> Montag | C377: =IF(ISBLANK(Termine!S188),"",Termine!S188) | D377: =IF(ISBLANK(Termine!U188),"",Termine!U188) -> Schköllen | E377: =IF(ISBLANK(Termine!V188),"",Termine!V188) -> 07619 Schkölen, Zschorgulaer Str. 24 | F377: =IF(ISBLANK(Termine!W188),"",Termine!W188) | G377: =IF(ISBLANK(Termine!X188),"",Termine!X188) -> Hr. Strauß 0152/53077388 | H377: =IF(ISBLANK(Termine!Y188),"",Termine!Y188) -> Schutzprüfung 4 Geräte
A378: =Termine!Q189 -> 46210 | B378: =IF(ISBLANK(Termine!R189),"",Termine!R189) -> Dienstag | C378: =IF(ISBLANK(Termine!S189),"",Termine!S189) -> 16:00 !!! | D378: =IF(ISBLANK(Termine!U189),"",Termine!U189) -> Ludwig / Oelde | E378: =IF(ISBLANK(Termine!V189),"",Termine!V189) -> 59302 Oelde, Am Lanhagen 28 | F378: =IF(ISBLANK(Termine!W189),"",Termine!W189) -> fehlende Werte , Auslösung ? , Protokoll anpassen | G378: =IF(ISBLANK(Termine!X189),"",Termine!X189) | H378: =IF(ISBLANK(Termine!Y189),"",Termine!Y189)
A379: =Termine!Q190 -> 46211 | B379: =IF(ISBLANK(Termine!R190),"",Termine!R190) -> Mittwoch | C379: =IF(ISBLANK(Termine!S190),"",Termine!S190) -> event. Bünde | D379: =IF(ISBLANK(Termine!U190),"",Termine!U190) | E379: =IF(ISBLANK(Termine!V190),"",Termine!V190) | F379: =IF(ISBLANK(Termine!W190),"",Termine!W190) | G379: =IF(ISBLANK(Termine!X190),"",Termine!X190) | H379: =IF(ISBLANK(Termine!Y190),"",Termine!Y190)
A380: =Termine!Q191 -> 46212 | B380: =IF(ISBLANK(Termine!R191),"",Termine!R191) -> Donnerstag | C380: =IF(ISBLANK(Termine!S191),"",Termine!S191) | D380: =IF(ISBLANK(Termine!U191),"",Termine!U191) -> Hildesheim | E380: =IF(ISBLANK(Termine!V191),"",Termine!V191) -> Baurat-Köhler-Straße 20, 31135 Hildesheim (Reifencom) | F380: =IF(ISBLANK(Termine!W191),"",Termine!W191) | G380: =IF(ISBLANK(Termine!X191),"",Termine!X191) -> Schutz hat nicht funktioniert | H380: =IF(ISBLANK(Termine!Y191),"",Termine!Y191) -> 7SJ8032
A381: =Termine!Q192 -> 46213 | B381: =IF(ISBLANK(Termine!R192),"",Termine!R192) -> Freitag | C381: =IF(ISBLANK(Termine!S192),"",Termine!S192) | D381: =IF(ISBLANK(Termine!U192),"",Termine!U192) | E381: =IF(ISBLANK(Termine!V192),"",Termine!V192) | F381: =IF(ISBLANK(Termine!W192),"",Termine!W192) | G381: =IF(ISBLANK(Termine!X192),"",Termine!X192) | H381: =IF(ISBLANK(Termine!Y192),"",Termine!Y192)
A382: =Termine!Q193 -> 46214 | B382: =IF(ISBLANK(Termine!R193),"",Termine!R193) -> Samstag | C382: =IF(ISBLANK(Termine!S193),"",Termine!S193) | D382: =IF(ISBLANK(Termine!U193),"",Termine!U193) | E382: =IF(ISBLANK(Termine!V193),"",Termine!V193) | F382: =IF(ISBLANK(Termine!W193),"",Termine!W193) | G382: =IF(ISBLANK(Termine!X193),"",Termine!X193) | H382: =IF(ISBLANK(Termine!Y193),"",Termine!Y193)
A383: =Termine!Q194 -> 46215 | B383: =IF(ISBLANK(Termine!R194),"",Termine!R194) -> Sonntag | C383: =IF(ISBLANK(Termine!S194),"",Termine!S194) | D383: =IF(ISBLANK(Termine!U194),"",Termine!U194) | E383: =IF(ISBLANK(Termine!V194),"",Termine!V194) | F383: =IF(ISBLANK(Termine!W194),"",Termine!W194) | G383: =IF(ISBLANK(Termine!X194),"",Termine!X194) | H383: =IF(ISBLANK(Termine!Y194),"",Termine!Y194)
... A1637: =Termine!Q1448 -> 0 | B1637: =IF(ISBLANK(Termine!R1448),"",Termine!R1448) | C1637: =IF(ISBLANK(Termine!S1448),"",Termine!S1448) | D1637: =IF(ISBLANK(Termine!U1448),"",Termine!U1448) | E1637: =IF(ISBLANK(Termine!V1448),"",Termine!V1448) | F1637: =IF(ISBLANK(Termine!W1448),"",Termine!W1448) | G1637: =IF(ISBLANK(Termine!X1448),"",Termine!X1448) | H1637: =IF(ISBLANK(Termine!Y1448),"",Termine!Y1448)

Sheet Hagen
A1: =IF(ISBLANK(Termine!AF1),"",Termine!AF1) -> Datum | B1: =IF(ISBLANK(Termine!AG1),"",Termine!AG1) -> Wochentag | C1: =IF(ISBLANK(Termine!AH1),"",Termine!AH1) -> Hagen Schmidt | D1: =IF(ISBLANK(Termine!AJ1),"",Termine!AJ1) -> Projekt3 | E1: =IF(ISBLANK(Termine!AK1),"",Termine!AK1) -> Adresse | F1: =IF(ISBLANK(Termine!AL1),"",Termine!AL1) -> Ansprechpartner | G1: =IF(ISBLANK(Termine!AM1),"",Termine!AM1) -> Auftrag | H1: =IF(ISBLANK(Termine!AN1),"",Termine!AN1) -> Bemerkungen
A2: =termine!#ref! -> #NAME? | B2: =IF(ISBLANK(termine!#ref!),"",termine!#ref!) -> #NAME? | C2: =IF(ISBLANK(termine!#ref!),"",termine!#ref!) -> #NAME? | D2: =IF(ISBLANK(termine!#ref!),"",termine!#ref!) -> #NAME? | E2: =IF(ISBLANK(termine!#ref!),"",termine!#ref!) -> #NAME? | F2: =IF(ISBLANK(termine!#ref!),"",termine!#ref!) -> #NAME? | G2: =IF(ISBLANK(termine!#ref!),"",termine!#ref!) -> #NAME? | H2: =IF(ISBLANK(termine!#ref!),"",termine!#ref!) -> #NAME?
A3: =termine!#ref! -> #NAME? | B3: =IF(ISBLANK(termine!#ref!),"",termine!#ref!) -> #NAME? | C3: =IF(ISBLANK(termine!#ref!),"",termine!#ref!) -> #NAME? | D3: =IF(ISBLANK(termine!#ref!),"",termine!#ref!) -> #NAME? | E3: =IF(ISBLANK(termine!#ref!),"",termine!#ref!) -> #NAME? | F3: =IF(ISBLANK(termine!#ref!),"",termine!#ref!) -> #NAME? | G3: =IF(ISBLANK(termine!#ref!),"",termine!#ref!) -> #NAME? | H3: =IF(ISBLANK(termine!#ref!),"",termine!#ref!) -> #NAME?
A4: =termine!#ref! -> #NAME? | B4: =IF(ISBLANK(termine!#ref!),"",termine!#ref!) -> #NAME? | C4: =IF(ISBLANK(termine!#ref!),"",termine!#ref!) -> #NAME? | D4: =IF(ISBLANK(termine!#ref!),"",termine!#ref!) -> #NAME? | E4: =IF(ISBLANK(termine!#ref!),"",termine!#ref!) -> #NAME? | F4: =IF(ISBLANK(termine!#ref!),"",termine!#ref!) -> #NAME? | G4: =IF(ISBLANK(termine!#ref!),"",termine!#ref!) -> #NAME? | H4: =IF(ISBLANK(termine!#ref!),"",termine!#ref!) -> #NAME?
A5: =termine!#ref! -> #NAME? | B5: =IF(ISBLANK(termine!#ref!),"",termine!#ref!) -> #NAME? | C5: =IF(ISBLANK(termine!#ref!),"",termine!#ref!) -> #NAME? | D5: =IF(ISBLANK(termine!#ref!),"",termine!#ref!) -> #NAME? | E5: =IF(ISBLANK(termine!#ref!),"",termine!#ref!) -> #NAME? | F5: =IF(ISBLANK(termine!#ref!),"",termine!#ref!) -> #NAME? | G5: =IF(ISBLANK(termine!#ref!),"",termine!#ref!) -> #NAME? | H5: =IF(ISBLANK(termine!#ref!),"",termine!#ref!) -> #NAME?
A6: =termine!#ref! -> #NAME? | B6: =IF(ISBLANK(termine!#ref!),"",termine!#ref!) -> #NAME? | C6: =IF(ISBLANK(termine!#ref!),"",termine!#ref!) -> #NAME? | D6: =IF(ISBLANK(termine!#ref!),"",termine!#ref!) -> #NAME? | E6: =IF(ISBLANK(termine!#ref!),"",termine!#ref!) -> #NAME? | F6: =IF(ISBLANK(termine!#ref!),"",termine!#ref!) -> #NAME? | G6: =IF(ISBLANK(termine!#ref!),"",termine!#ref!) -> #NAME? | H6: =IF(ISBLANK(termine!#ref!),"",termine!#ref!) -> #NAME?
A7: =termine!#ref! -> #NAME? | B7: =IF(ISBLANK(termine!#ref!),"",termine!#ref!) -> #NAME? | C7: =IF(ISBLANK(termine!#ref!),"",termine!#ref!) -> #NAME? | D7: =IF(ISBLANK(termine!#ref!),"",termine!#ref!) -> #NAME? | E7: =IF(ISBLANK(termine!#ref!),"",termine!#ref!) -> #NAME? | F7: =IF(ISBLANK(termine!#ref!),"",termine!#ref!) -> #NAME? | G7: =IF(ISBLANK(termine!#ref!),"",termine!#ref!) -> #NAME? | H7: =IF(ISBLANK(termine!#ref!),"",termine!#ref!) -> #NAME?
A8: =termine!#ref! -> #NAME? | B8: =IF(ISBLANK(termine!#ref!),"",termine!#ref!) -> #NAME? | C8: =IF(ISBLANK(termine!#ref!),"",termine!#ref!) -> #NAME? | D8: =IF(ISBLANK(termine!#ref!),"",termine!#ref!) -> #NAME? | E8: =IF(ISBLANK(termine!#ref!),"",termine!#ref!) -> #NAME? | F8: =IF(ISBLANK(termine!#ref!),"",termine!#ref!) -> #NAME? | G8: =IF(ISBLANK(termine!#ref!),"",termine!#ref!) -> #NAME? | H8: =IF(ISBLANK(termine!#ref!),"",termine!#ref!) -> #NAME?
A9: =termine!#ref! -> #NAME? | B9: =IF(ISBLANK(termine!#ref!),"",termine!#ref!) -> #NAME? | C9: =IF(ISBLANK(termine!#ref!),"",termine!#ref!) -> #NAME? | D9: =IF(ISBLANK(termine!#ref!),"",termine!#ref!) -> #NAME? | E9: =IF(ISBLANK(termine!#ref!),"",termine!#ref!) -> #NAME? | F9: =IF(ISBLANK(termine!#ref!),"",termine!#ref!) -> #NAME? | G9: =IF(ISBLANK(termine!#ref!),"",termine!#ref!) -> #NAME? | H9: =IF(ISBLANK(termine!#ref!),"",termine!#ref!) -> #NAME?
A10: =termine!#ref! -> #NAME? | B10: =IF(ISBLANK(termine!#ref!),"",termine!#ref!) -> #NAME? | C10: =IF(ISBLANK(termine!#ref!),"",termine!#ref!) -> #NAME? | D10: =IF(ISBLANK(termine!#ref!),"",termine!#ref!) -> #NAME? | E10: =IF(ISBLANK(termine!#ref!),"",termine!#ref!) -> #NAME? | F10: =IF(ISBLANK(termine!#ref!),"",termine!#ref!) -> #NAME? | G10: =IF(ISBLANK(termine!#ref!),"",termine!#ref!) -> #NAME? | H10: =IF(ISBLANK(termine!#ref!),"",termine!#ref!) -> #NAME?
A11: =termine!#ref! -> #NAME? | B11: =IF(ISBLANK(termine!#ref!),"",termine!#ref!) -> #NAME? | C11: =IF(ISBLANK(termine!#ref!),"",termine!#ref!) -> #NAME? | D11: =IF(ISBLANK(termine!#ref!),"",termine!#ref!) -> #NAME? | E11: =IF(ISBLANK(termine!#ref!),"",termine!#ref!) -> #NAME? | F11: =IF(ISBLANK(termine!#ref!),"",termine!#ref!) -> #NAME? | G11: =IF(ISBLANK(termine!#ref!),"",termine!#ref!) -> #NAME? | H11: =IF(ISBLANK(termine!#ref!),"",termine!#ref!) -> #NAME?
A12: =termine!#ref! -> #NAME? | B12: =IF(ISBLANK(termine!#ref!),"",termine!#ref!) -> #NAME? | C12: =IF(ISBLANK(termine!#ref!),"",termine!#ref!) -> #NAME? | D12: =IF(ISBLANK(termine!#ref!),"",termine!#ref!) -> #NAME? | E12: =IF(ISBLANK(termine!#ref!),"",termine!#ref!) -> #NAME? | F12: =IF(ISBLANK(termine!#ref!),"",termine!#ref!) -> #NAME? | G12: =IF(ISBLANK(termine!#ref!),"",termine!#ref!) -> #NAME? | H12: =IF(ISBLANK(termine!#ref!),"",termine!#ref!) -> #NAME?
A13: =termine!#ref! -> #NAME? | B13: =IF(ISBLANK(termine!#ref!),"",termine!#ref!) -> #NAME? | C13: =IF(ISBLANK(termine!#ref!),"",termine!#ref!) -> #NAME? | D13: =IF(ISBLANK(termine!#ref!),"",termine!#ref!) -> #NAME? | E13: =IF(ISBLANK(termine!#ref!),"",termine!#ref!) -> #NAME? | F13: =IF(ISBLANK(termine!#ref!),"",termine!#ref!) -> #NAME? | G13: =IF(ISBLANK(termine!#ref!),"",termine!#ref!) -> #NAME? | H13: =IF(ISBLANK(termine!#ref!),"",termine!#ref!) -> #NAME?
... A83: =termine!#ref! -> #NAME? | B83: =IF(ISBLANK(termine!#ref!),"",termine!#ref!) -> #NAME? | C83: =IF(ISBLANK(termine!#ref!),"",termine!#ref!) -> #NAME? | D83: =IF(ISBLANK(termine!#ref!),"",termine!#ref!) -> #NAME? | E83: =IF(ISBLANK(termine!#ref!),"",termine!#ref!) -> #NAME? | F83: =IF(ISBLANK(termine!#ref!),"",termine!#ref!) -> #NAME? | G83: =IF(ISBLANK(termine!#ref!),"",termine!#ref!) -> #NAME? | H83: =IF(ISBLANK(termine!#ref!),"",termine!#ref!) -> #NAME?
A84: =termine!#ref! -> #NAME? | B84: =IF(ISBLANK(termine!#ref!),"",termine!#ref!) -> #NAME? | C84: Urlaub | D84: =IF(ISBLANK(termine!#ref!),"",termine!#ref!) -> #NAME? | E84: =IF(ISBLANK(termine!#ref!),"",termine!#ref!) -> #NAME? | F84: =IF(ISBLANK(termine!#ref!),"",termine!#ref!) -> #NAME? | G84: =IF(ISBLANK(termine!#ref!),"",termine!#ref!) -> #NAME? | H84: =IF(ISBLANK(termine!#ref!),"",termine!#ref!) -> #NAME?
A85: =termine!#ref! -> #NAME? | B85: =IF(ISBLANK(termine!#ref!),"",termine!#ref!) -> #NAME? | C85: Urlaub | D85: =IF(ISBLANK(termine!#ref!),"",termine!#ref!) -> #NAME? | E85: =IF(ISBLANK(termine!#ref!),"",termine!#ref!) -> #NAME? | F85: =IF(ISBLANK(termine!#ref!),"",termine!#ref!) -> #NAME? | G85: =IF(ISBLANK(termine!#ref!),"",termine!#ref!) -> #NAME? | H85: =IF(ISBLANK(termine!#ref!),"",termine!#ref!) -> #NAME?
A86: =termine!#ref! -> #NAME? | B86: =IF(ISBLANK(termine!#ref!),"",termine!#ref!) -> #NAME? | C86: Urlaub | D86: =IF(ISBLANK(termine!#ref!),"",termine!#ref!) -> #NAME? | E86: =IF(ISBLANK(termine!#ref!),"",termine!#ref!) -> #NAME? | F86: =IF(ISBLANK(termine!#ref!),"",termine!#ref!) -> #NAME? | G86: =IF(ISBLANK(termine!#ref!),"",termine!#ref!) -> #NAME? | H86: =IF(ISBLANK(termine!#ref!),"",termine!#ref!) -> #NAME?
A87: =termine!#ref! -> #NAME? | B87: =IF(ISBLANK(termine!#ref!),"",termine!#ref!) -> #NAME? | C87: Urlaub | D87: =IF(ISBLANK(termine!#ref!),"",termine!#ref!) -> #NAME? | E87: =IF(ISBLANK(termine!#ref!),"",termine!#ref!) -> #NAME? | F87: =IF(ISBLANK(termine!#ref!),"",termine!#ref!) -> #NAME? | G87: =IF(ISBLANK(termine!#ref!),"",termine!#ref!) -> #NAME? | H87: =IF(ISBLANK(termine!#ref!),"",termine!#ref!) -> #NAME?
A88: =termine!#ref! -> #NAME? | B88: =IF(ISBLANK(termine!#ref!),"",termine!#ref!) -> #NAME? | C88: =IF(ISBLANK(termine!#ref!),"",termine!#ref!) -> #NAME? | D88: =IF(ISBLANK(termine!#ref!),"",termine!#ref!) -> #NAME? | E88: =IF(ISBLANK(termine!#ref!),"",termine!#ref!) -> #NAME? | F88: =IF(ISBLANK(termine!#ref!),"",termine!#ref!) -> #NAME? | G88: =IF(ISBLANK(termine!#ref!),"",termine!#ref!) -> #NAME? | H88: =IF(ISBLANK(termine!#ref!),"",termine!#ref!) -> #NAME?
A89: =termine!#ref! -> #NAME? | B89: =IF(ISBLANK(termine!#ref!),"",termine!#ref!) -> #NAME? | C89: =IF(ISBLANK(termine!#ref!),"",termine!#ref!) -> #NAME? | D89: =IF(ISBLANK(termine!#ref!),"",termine!#ref!) -> #NAME? | E89: =IF(ISBLANK(termine!#ref!),"",termine!#ref!) -> #NAME? | F89: =IF(ISBLANK(termine!#ref!),"",termine!#ref!) -> #NAME? | G89: =IF(ISBLANK(termine!#ref!),"",termine!#ref!) -> #NAME? | H89: =IF(ISBLANK(termine!#ref!),"",termine!#ref!) -> #NAME?
A90: =termine!#ref! -> #NAME? | B90: =IF(ISBLANK(termine!#ref!),"",termine!#ref!) -> #NAME? | C90: =IF(ISBLANK(termine!#ref!),"",termine!#ref!) -> #NAME? | D90: =IF(ISBLANK(termine!#ref!),"",termine!#ref!) -> #NAME? | E90: =IF(ISBLANK(termine!#ref!),"",termine!#ref!) -> #NAME? | F90: =IF(ISBLANK(termine!#ref!),"",termine!#ref!) -> #NAME? | G90: =IF(ISBLANK(termine!#ref!),"",termine!#ref!) -> #NAME? | H90: =IF(ISBLANK(termine!#ref!),"",termine!#ref!) -> #NAME?
A91: =termine!#ref! -> #NAME? | B91: =IF(ISBLANK(termine!#ref!),"",termine!#ref!) -> #NAME? | C91: =IF(ISBLANK(termine!#ref!),"",termine!#ref!) -> #NAME? | D91: =IF(ISBLANK(termine!#ref!),"",termine!#ref!) -> #NAME? | E91: =IF(ISBLANK(termine!#ref!),"",termine!#ref!) -> #NAME? | F91: =IF(ISBLANK(termine!#ref!),"",termine!#ref!) -> #NAME? | G91: =IF(ISBLANK(termine!#ref!),"",termine!#ref!) -> #NAME? | H91: =IF(ISBLANK(termine!#ref!),"",termine!#ref!) -> #NAME?
A92: =termine!#ref! -> #NAME? | B92: =IF(ISBLANK(termine!#ref!),"",termine!#ref!) -> #NAME? | C92: =IF(ISBLANK(termine!#ref!),"",termine!#ref!) -> #NAME? | D92: =IF(ISBLANK(termine!#ref!),"",termine!#ref!) -> #NAME? | E92: =IF(ISBLANK(termine!#ref!),"",termine!#ref!) -> #NAME? | F92: =IF(ISBLANK(termine!#ref!),"",termine!#ref!) -> #NAME? | G92: =IF(ISBLANK(termine!#ref!),"",termine!#ref!) -> #NAME? | H92: =IF(ISBLANK(termine!#ref!),"",termine!#ref!) -> #NAME?
A93: =termine!#ref! -> #NAME? | B93: =IF(ISBLANK(termine!#ref!),"",termine!#ref!) -> #NAME? | C93: =IF(ISBLANK(termine!#ref!),"",termine!#ref!) -> #NAME? | D93: =IF(ISBLANK(termine!#ref!),"",termine!#ref!) -> #NAME? | E93: =IF(ISBLANK(termine!#ref!),"",termine!#ref!) -> #NAME? | F93: =IF(ISBLANK(termine!#ref!),"",termine!#ref!) -> #NAME? | G93: =IF(ISBLANK(termine!#ref!),"",termine!#ref!) -> #NAME? | H93: =IF(ISBLANK(termine!#ref!),"",termine!#ref!) -> #NAME?
A94: =termine!#ref! -> #NAME? | B94: =IF(ISBLANK(termine!#ref!),"",termine!#ref!) -> #NAME? | C94: =IF(ISBLANK(termine!#ref!),"",termine!#ref!) -> #NAME? | D94: =IF(ISBLANK(termine!#ref!),"",termine!#ref!) -> #NAME? | E94: =IF(ISBLANK(termine!#ref!),"",termine!#ref!) -> #NAME? | F94: =IF(ISBLANK(termine!#ref!),"",termine!#ref!) -> #NAME? | G94: =IF(ISBLANK(termine!#ref!),"",termine!#ref!) -> #NAME? | H94: =IF(ISBLANK(termine!#ref!),"",termine!#ref!) -> #NAME?
A95: =termine!#ref! -> #NAME? | B95: =IF(ISBLANK(termine!#ref!),"",termine!#ref!) -> #NAME? | C95: =IF(ISBLANK(termine!#ref!),"",termine!#ref!) -> #NAME? | D95: =IF(ISBLANK(termine!#ref!),"",termine!#ref!) -> #NAME? | E95: =IF(ISBLANK(termine!#ref!),"",termine!#ref!) -> #NAME? | F95: =IF(ISBLANK(termine!#ref!),"",termine!#ref!) -> #NAME? | G95: =IF(ISBLANK(termine!#ref!),"",termine!#ref!) -> #NAME? | H95: =IF(ISBLANK(termine!#ref!),"",termine!#ref!) -> #NAME?
A96: =termine!#ref! -> #NAME? | B96: =IF(ISBLANK(termine!#ref!),"",termine!#ref!) -> #NAME? | C96: =IF(ISBLANK(termine!#ref!),"",termine!#ref!) -> #NAME? | D96: =IF(ISBLANK(termine!#ref!),"",termine!#ref!) -> #NAME? | E96: =IF(ISBLANK(termine!#ref!),"",termine!#ref!) -> #NAME? | F96: =IF(ISBLANK(termine!#ref!),"",termine!#ref!) -> #NAME? | G96: =IF(ISBLANK(termine!#ref!),"",termine!#ref!) -> #NAME? | H96: =IF(ISBLANK(termine!#ref!),"",termine!#ref!) -> #NAME?
A97: =termine!#ref! -> #NAME? | B97: =IF(ISBLANK(termine!#ref!),"",termine!#ref!) -> #NAME? | C97: =IF(ISBLANK(termine!#ref!),"",termine!#ref!) -> #NAME? | D97: =IF(ISBLANK(termine!#ref!),"",termine!#ref!) -> #NAME? | E97: =IF(ISBLANK(termine!#ref!),"",termine!#ref!) -> #NAME? | F97: =IF(ISBLANK(termine!#ref!),"",termine!#ref!) -> #NAME? | G97: =IF(ISBLANK(termine!#ref!),"",termine!#ref!) -> #NAME? | H97: =IF(ISBLANK(termine!#ref!),"",termine!#ref!) -> #NAME?
A98: =termine!#ref! -> #NAME? | B98: =IF(ISBLANK(termine!#ref!),"",termine!#ref!) -> #NAME? | C98: =IF(ISBLANK(termine!#ref!),"",termine!#ref!) -> #NAME? | D98: =IF(ISBLANK(termine!#ref!),"",termine!#ref!) -> #NAME? | E98: =IF(ISBLANK(termine!#ref!),"",termine!#ref!) -> #NAME? | F98: =IF(ISBLANK(termine!#ref!),"",termine!#ref!) -> #NAME? | G98: =IF(ISBLANK(termine!#ref!),"",termine!#ref!) -> #NAME? | H98: =IF(ISBLANK(termine!#ref!),"",termine!#ref!) -> #NAME?
A99: =termine!#ref! -> #NAME? | B99: =IF(ISBLANK(termine!#ref!),"",termine!#ref!) -> #NAME? | C99: =IF(ISBLANK(termine!#ref!),"",termine!#ref!) -> #NAME? | D99: =IF(ISBLANK(termine!#ref!),"",termine!#ref!) -> #NAME? | E99: =IF(ISBLANK(termine!#ref!),"",termine!#ref!) -> #NAME? | F99: =IF(ISBLANK(termine!#ref!),"",termine!#ref!) -> #NAME? | G99: =IF(ISBLANK(termine!#ref!),"",termine!#ref!) -> #NAME? | H99: =IF(ISBLANK(termine!#ref!),"",termine!#ref!) -> #NAME?
... A154: =termine!#ref! -> #NAME? | B154: =IF(ISBLANK(termine!#ref!),"",termine!#ref!) -> #NAME? | C154: =IF(ISBLANK(termine!#ref!),"",termine!#ref!) -> #NAME? | D154: =IF(ISBLANK(termine!#ref!),"",termine!#ref!) -> #NAME? | E154: =IF(ISBLANK(termine!#ref!),"",termine!#ref!) -> #NAME? | F154: =IF(ISBLANK(termine!#ref!),"",termine!#ref!) -> #NAME? | G154: =IF(ISBLANK(termine!#ref!),"",termine!#ref!) -> #NAME? | H154: =IF(ISBLANK(termine!#ref!),"",termine!#ref!) -> #NAME?
A155: =termine!#ref! -> #NAME? | B155: =IF(ISBLANK(termine!#ref!),"",termine!#ref!) -> #NAME? | C155: =IF(ISBLANK(termine!#ref!),"",termine!#ref!) -> #NAME? | D155: =IF(ISBLANK(termine!#ref!),"",termine!#ref!) -> #NAME? | F155: =IF(ISBLANK(termine!#ref!),"",termine!#ref!) -> #NAME? | G155: =IF(ISBLANK(termine!#ref!),"",termine!#ref!) -> #NAME? | H155: =IF(ISBLANK(termine!#ref!),"",termine!#ref!) -> #NAME?
A156: =termine!#ref! -> #NAME? | B156: =IF(ISBLANK(termine!#ref!),"",termine!#ref!) -> #NAME? | C156: =IF(ISBLANK(termine!#ref!),"",termine!#ref!) -> #NAME? | D156: =IF(ISBLANK(termine!#ref!),"",termine!#ref!) -> #NAME? | E156: =IF(ISBLANK(termine!#ref!),"",termine!#ref!) -> #NAME? | F156: =IF(ISBLANK(termine!#ref!),"",termine!#ref!) -> #NAME? | G156: =IF(ISBLANK(termine!#ref!),"",termine!#ref!) -> #NAME? | H156: =IF(ISBLANK(termine!#ref!),"",termine!#ref!) -> #NAME?
A157: =termine!#ref! -> #NAME? | B157: =IF(ISBLANK(termine!#ref!),"",termine!#ref!) -> #NAME? | C157: =IF(ISBLANK(termine!#ref!),"",termine!#ref!) -> #NAME? | D157: =IF(ISBLANK(termine!#ref!),"",termine!#ref!) -> #NAME? | E157: =IF(ISBLANK(termine!#ref!),"",termine!#ref!) -> #NAME? | F157: =IF(ISBLANK(termine!#ref!),"",termine!#ref!) -> #NAME? | G157: =IF(ISBLANK(termine!#ref!),"",termine!#ref!) -> #NAME? | H157: =IF(ISBLANK(termine!#ref!),"",termine!#ref!) -> #NAME?
A158: =termine!#ref! -> #NAME? | B158: =IF(ISBLANK(termine!#ref!),"",termine!#ref!) -> #NAME? | C158: =IF(ISBLANK(termine!#ref!),"",termine!#ref!) -> #NAME? | D158: =IF(ISBLANK(termine!#ref!),"",termine!#ref!) -> #NAME? | E158: =IF(ISBLANK(termine!#ref!),"",termine!#ref!) -> #NAME? | F158: =IF(ISBLANK(termine!#ref!),"",termine!#ref!) -> #NAME? | G158: =IF(ISBLANK(termine!#ref!),"",termine!#ref!) -> #NAME? | H158: =IF(ISBLANK(termine!#ref!),"",termine!#ref!) -> #NAME?
A159: =termine!#ref! -> #NAME? | B159: =IF(ISBLANK(termine!#ref!),"",termine!#ref!) -> #NAME? | C159: =IF(ISBLANK(termine!#ref!),"",termine!#ref!) -> #NAME? | D159: =IF(ISBLANK(termine!#ref!),"",termine!#ref!) -> #NAME? | E159: =IF(ISBLANK(termine!#ref!),"",termine!#ref!) -> #NAME? | F159: =IF(ISBLANK(termine!#ref!),"",termine!#ref!) -> #NAME? | G159: =IF(ISBLANK(termine!#ref!),"",termine!#ref!) -> #NAME? | H159: =IF(ISBLANK(termine!#ref!),"",termine!#ref!) -> #NAME?
A160: =termine!#ref! -> #NAME? | B160: =IF(ISBLANK(termine!#ref!),"",termine!#ref!) -> #NAME? | C160: =IF(ISBLANK(termine!#ref!),"",termine!#ref!) -> #NAME? | D160: =IF(ISBLANK(termine!#ref!),"",termine!#ref!) -> #NAME? | E160: =IF(ISBLANK(termine!#ref!),"",termine!#ref!) -> #NAME? | F160: =IF(ISBLANK(termine!#ref!),"",termine!#ref!) -> #NAME? | G160: =IF(ISBLANK(termine!#ref!),"",termine!#ref!) -> #NAME? | H160: =IF(ISBLANK(termine!#ref!),"",termine!#ref!) -> #NAME?
A161: =termine!#ref! -> #NAME? | B161: =IF(ISBLANK(termine!#ref!),"",termine!#ref!) -> #NAME? | C161: =IF(ISBLANK(termine!#ref!),"",termine!#ref!) -> #NAME? | D161: =IF(ISBLANK(termine!#ref!),"",termine!#ref!) -> #NAME? | E161: =IF(ISBLANK(termine!#ref!),"",termine!#ref!) -> #NAME? | F161: =IF(ISBLANK(termine!#ref!),"",termine!#ref!) -> #NAME? | G161: =IF(ISBLANK(termine!#ref!),"",termine!#ref!) -> #NAME? | H161: =IF(ISBLANK(termine!#ref!),"",termine!#ref!) -> #NAME?
A162: =termine!#ref! -> #NAME? | B162: =IF(ISBLANK(termine!#ref!),"",termine!#ref!) -> #NAME? | C162: =IF(ISBLANK(termine!#ref!),"",termine!#ref!) -> #NAME? | D162: =IF(ISBLANK(termine!#ref!),"",termine!#ref!) -> #NAME? | E162: =IF(ISBLANK(termine!#ref!),"",termine!#ref!) -> #NAME? | F162: =IF(ISBLANK(termine!#ref!),"",termine!#ref!) -> #NAME? | G162: =IF(ISBLANK(termine!#ref!),"",termine!#ref!) -> #NAME? | H162: =IF(ISBLANK(termine!#ref!),"",termine!#ref!) -> #NAME?
A163: =termine!#ref! -> #NAME? | B163: =IF(ISBLANK(termine!#ref!),"",termine!#ref!) -> #NAME? | C163: =IF(ISBLANK(termine!#ref!),"",termine!#ref!) -> #NAME? | D163: =IF(ISBLANK(termine!#ref!),"",termine!#ref!) -> #NAME? | E163: =IF(ISBLANK(termine!#ref!),"",termine!#ref!) -> #NAME? | F163: =IF(ISBLANK(termine!#ref!),"",termine!#ref!) -> #NAME? | G163: =IF(ISBLANK(termine!#ref!),"",termine!#ref!) -> #NAME? | H163: =IF(ISBLANK(termine!#ref!),"",termine!#ref!) -> #NAME?
A164: =termine!#ref! -> #NAME? | B164: =IF(ISBLANK(termine!#ref!),"",termine!#ref!) -> #NAME? | C164: =IF(ISBLANK(termine!#ref!),"",termine!#ref!) -> #NAME? | D164: =IF(ISBLANK(termine!#ref!),"",termine!#ref!) -> #NAME? | E164: =IF(ISBLANK(termine!#ref!),"",termine!#ref!) -> #NAME? | F164: =IF(ISBLANK(termine!#ref!),"",termine!#ref!) -> #NAME? | G164: =IF(ISBLANK(termine!#ref!),"",termine!#ref!) -> #NAME? | H164: =IF(ISBLANK(termine!#ref!),"",termine!#ref!) -> #NAME?
A165: =termine!#ref! -> #NAME? | B165: =IF(ISBLANK(termine!#ref!),"",termine!#ref!) -> #NAME? | C165: =IF(ISBLANK(termine!#ref!),"",termine!#ref!) -> #NAME? | D165: =IF(ISBLANK(termine!#ref!),"",termine!#ref!) -> #NAME? | E165: =IF(ISBLANK(termine!#ref!),"",termine!#ref!) -> #NAME? | F165: =IF(ISBLANK(termine!#ref!),"",termine!#ref!) -> #NAME? | G165: =IF(ISBLANK(termine!#ref!),"",termine!#ref!) -> #NAME? | H165: =IF(ISBLANK(termine!#ref!),"",termine!#ref!) -> #NAME?
A166: =termine!#ref! -> #NAME? | B166: =IF(ISBLANK(termine!#ref!),"",termine!#ref!) -> #NAME? | C166: =IF(ISBLANK(termine!#ref!),"",termine!#ref!) -> #NAME? | D166: =IF(ISBLANK(termine!#ref!),"",termine!#ref!) -> #NAME? | E166: =IF(ISBLANK(termine!#ref!),"",termine!#ref!) -> #NAME? | F166: =IF(ISBLANK(termine!#ref!),"",termine!#ref!) -> #NAME? | G166: =IF(ISBLANK(termine!#ref!),"",termine!#ref!) -> #NAME? | H166: =IF(ISBLANK(termine!#ref!),"",termine!#ref!) -> #NAME?
A167: =termine!#ref! -> #NAME? | B167: =IF(ISBLANK(termine!#ref!),"",termine!#ref!) -> #NAME? | C167: =IF(ISBLANK(termine!#ref!),"",termine!#ref!) -> #NAME? | D167: =IF(ISBLANK(termine!#ref!),"",termine!#ref!) -> #NAME? | E167: =IF(ISBLANK(termine!#ref!),"",termine!#ref!) -> #NAME? | F167: =IF(ISBLANK(termine!#ref!),"",termine!#ref!) -> #NAME? | G167: =IF(ISBLANK(termine!#ref!),"",termine!#ref!) -> #NAME? | H167: =IF(ISBLANK(termine!#ref!),"",termine!#ref!) -> #NAME?
... A190: =termine!#ref! -> #NAME? | B190: =IF(ISBLANK(termine!#ref!),"",termine!#ref!) -> #NAME? | C190: =IF(ISBLANK(termine!#ref!),"",termine!#ref!) -> #NAME? | D190: =IF(ISBLANK(termine!#ref!),"",termine!#ref!) -> #NAME? | E190: =IF(ISBLANK(termine!#ref!),"",termine!#ref!) -> #NAME? | F190: =IF(ISBLANK(termine!#ref!),"",termine!#ref!) -> #NAME? | G190: =IF(ISBLANK(termine!#ref!),"",termine!#ref!) -> #NAME? | H190: =IF(ISBLANK(termine!#ref!),"",termine!#ref!) -> #NAME?
A191: =Termine!AF2 -> 46023 | B191: =IF(ISBLANK(Termine!AG2),"",Termine!AG2) -> Donnerstag | C191: =IF(ISBLANK(Termine!AH2),"",Termine!AH2) -> Feiertag | D191: =IF(ISBLANK(Termine!AJ2),"",Termine!AJ2) | E191: =IF(ISBLANK(Termine!AK2),"",Termine!AK2) | F191: =IF(ISBLANK(Termine!AL2),"",Termine!AL2) | G191: =IF(ISBLANK(Termine!AM2),"",Termine!AM2) | H191: =IF(ISBLANK(Termine!AN2),"",Termine!AN2)
A192: =Termine!AF3 -> 46024 | B192: =IF(ISBLANK(Termine!AG3),"",Termine!AG3) -> Freitag | C192: =IF(ISBLANK(Termine!AH3),"",Termine!AH3) -> frei | D192: =IF(ISBLANK(Termine!AJ3),"",Termine!AJ3) | E192: =IF(ISBLANK(Termine!AK3),"",Termine!AK3) | F192: =IF(ISBLANK(Termine!AL3),"",Termine!AL3) | G192: =IF(ISBLANK(Termine!AM3),"",Termine!AM3) | H192: =IF(ISBLANK(Termine!AN3),"",Termine!AN3)
A193: =Termine!AF4 -> 46025 | B193: =IF(ISBLANK(Termine!AG4),"",Termine!AG4) -> Samstag | C193: =IF(ISBLANK(Termine!AH4),"",Termine!AH4) | D193: =IF(ISBLANK(Termine!AJ4),"",Termine!AJ4) | E193: =IF(ISBLANK(Termine!AK4),"",Termine!AK4) | F193: =IF(ISBLANK(Termine!AL4),"",Termine!AL4) | G193: =IF(ISBLANK(Termine!AM4),"",Termine!AM4) | H193: =IF(ISBLANK(Termine!AN4),"",Termine!AN4)
A194: =Termine!AF5 -> 46026 | B194: =IF(ISBLANK(Termine!AG5),"",Termine!AG5) -> Sonntag | C194: =IF(ISBLANK(Termine!AH5),"",Termine!AH5) | D194: =IF(ISBLANK(Termine!AJ5),"",Termine!AJ5) | E194: =IF(ISBLANK(Termine!AK5),"",Termine!AK5) | F194: =IF(ISBLANK(Termine!AL5),"",Termine!AL5) | G194: =IF(ISBLANK(Termine!AM5),"",Termine!AM5) | H194: =IF(ISBLANK(Termine!AN5),"",Termine!AN5)
A195: =Termine!AF6 -> 46027 | B195: =IF(ISBLANK(Termine!AG6),"",Termine!AG6) -> Montag | C195: =IF(ISBLANK(Termine!AH6),"",Termine!AH6) -> frei | D195: =IF(ISBLANK(Termine!AJ6),"",Termine!AJ6) | E195: =IF(ISBLANK(Termine!AK6),"",Termine!AK6) | F195: =IF(ISBLANK(Termine!AL6),"",Termine!AL6) | G195: =IF(ISBLANK(Termine!AM6),"",Termine!AM6) | H195: =IF(ISBLANK(Termine!AN6),"",Termine!AN6)
A196: =Termine!AF7 -> 46028 | B196: =IF(ISBLANK(Termine!AG7),"",Termine!AG7) -> Dienstag | C196: =IF(ISBLANK(Termine!AH7),"",Termine!AH7) -> Feiertag | D196: =IF(ISBLANK(Termine!AJ7),"",Termine!AJ7) | E196: =IF(ISBLANK(Termine!AK7),"",Termine!AK7) | F196: =IF(ISBLANK(Termine!AL7),"",Termine!AL7) | G196: =IF(ISBLANK(Termine!AM7),"",Termine!AM7) | H196: =IF(ISBLANK(Termine!AN7),"",Termine!AN7)
A197: =Termine!AF8 -> 46029 | B197: =IF(ISBLANK(Termine!AG8),"",Termine!AG8) -> Mittwoch | C197: =IF(ISBLANK(Termine!AH8),"",Termine!AH8) | D197: =IF(ISBLANK(Termine!AJ8),"",Termine!AJ8) -> Eberswalde | E197: =IF(ISBLANK(Termine!AK8),"",Termine!AK8) -> Takko/ Fressnapf Heegermühler Straße 1a 16225 Eberswalde | F197: =IF(ISBLANK(Termine!AL8),"",Termine!AL8) -> SBG | G197: =IF(ISBLANK(Termine!AM8),"",Termine!AM8) -> Bittest ab 9 Uhr | H197: =IF(ISBLANK(Termine!AN8),"",Termine!AN8) -> EnBW Ladestation
A198: =Termine!AF9 -> 46030 | B198: =IF(ISBLANK(Termine!AG9),"",Termine!AG9) -> Donnerstag | C198: =IF(ISBLANK(Termine!AH9),"",Termine!AH9) | D198: =IF(ISBLANK(Termine!AJ9),"",Termine!AJ9) -> Löcknitz | E198: =IF(ISBLANK(Termine!AK9),"",Termine!AK9) -> Pasewalker Str. 11 17321 Löcknitz | F198: =IF(ISBLANK(Termine!AL9),"",Termine!AL9) -> FAber | G198: =IF(ISBLANK(Termine!AM9),"",Termine!AM9) -> Schutzprüfung Einspeiser | H198: =IF(ISBLANK(Termine!AN9),"",Termine!AN9) -> Anlage ist eingezäunt, am Tor hängt eine Schlüsselbox, Code: 2309 mit Elias
A199: =Termine!AF10 -> 46031 | B199: =IF(ISBLANK(Termine!AG10),"",Termine!AG10) -> Freitag | C199: =IF(ISBLANK(Termine!AH10),"",Termine!AH10) | D199: =IF(ISBLANK(Termine!AJ10),"",Termine!AJ10) -> ??? Ohorn Brunnenstraße | E199: =IF(ISBLANK(Termine!AK10),"",Termine!AK10) -> 51.16633098577813, 14.046146068097173 | F199: =IF(ISBLANK(Termine!AL10),"",Termine!AL10) | G199: =IF(ISBLANK(Termine!AM10),"",Termine!AM10) -> Faber Einspeiser | H199: =IF(ISBLANK(Termine!AN10),"",Termine!AN10) -> ausgefallen
A200: =Termine!AF11 -> 46032 | B200: =IF(ISBLANK(Termine!AG11),"",Termine!AG11) -> Samstag | C200: =IF(ISBLANK(Termine!AH11),"",Termine!AH11) | D200: =IF(ISBLANK(Termine!AJ11),"",Termine!AJ11) | E200: =IF(ISBLANK(Termine!AK11),"",Termine!AK11) | F200: =IF(ISBLANK(Termine!AL11),"",Termine!AL11) | G200: =IF(ISBLANK(Termine!AM11),"",Termine!AM11) | H200: =IF(ISBLANK(Termine!AN11),"",Termine!AN11)
A201: =Termine!AF12 -> 46033 | B201: =IF(ISBLANK(Termine!AG12),"",Termine!AG12) -> Sonntag | C201: =IF(ISBLANK(Termine!AH12),"",Termine!AH12) | D201: =IF(ISBLANK(Termine!AJ12),"",Termine!AJ12) | E201: =IF(ISBLANK(Termine!AK12),"",Termine!AK12) | F201: =IF(ISBLANK(Termine!AL12),"",Termine!AL12) | G201: =IF(ISBLANK(Termine!AM12),"",Termine!AM12) | H201: =IF(ISBLANK(Termine!AN12),"",Termine!AN12)
A202: =Termine!AF13 -> 46034 | B202: =IF(ISBLANK(Termine!AG13),"",Termine!AG13) -> Montag | C202: =IF(ISBLANK(Termine!AH13),"",Termine!AH13) | D202: =IF(ISBLANK(Termine!AJ13),"",Termine!AJ13) -> Ochtendung | E202: =IF(ISBLANK(Termine!AK13),"",Termine!AK13) -> ochtendung | F202: =IF(ISBLANK(Termine!AL13),"",Termine!AL13) | G202: =IF(ISBLANK(Termine!AM13),"",Termine!AM13) -> Faber AST plus 2x TST | H202: =IF(ISBLANK(Termine!AN13),"",Termine!AN13) -> mit Elias
... A204: =Termine!AF15 -> 46036 | B204: =IF(ISBLANK(Termine!AG15),"",Termine!AG15) -> Mittwoch | C204: =IF(ISBLANK(Termine!AH15),"",Termine!AH15) | D204: =IF(ISBLANK(Termine!AJ15),"",Termine!AJ15) -> Sprockhövel | E204: =IF(ISBLANK(Termine!AK15),"",Termine!AK15) | F204: =IF(ISBLANK(Termine!AL15),"",Termine!AL15) | G204: =IF(ISBLANK(Termine!AM15),"",Termine!AM15) -> Faber Einspeiser | H204: =IF(ISBLANK(Termine!AN15),"",Termine!AN15) -> mit Elias; kein UMZ!
A205: =termine!#ref! -> #NAME? | B205: =IF(ISBLANK(termine!#ref!),"",termine!#ref!) -> #NAME? | C205: =IF(ISBLANK(termine!#ref!),"",termine!#ref!) -> #NAME? | D205: =IF(ISBLANK(termine!#ref!),"",termine!#ref!) -> #NAME? | E205: =IF(ISBLANK(termine!#ref!),"",termine!#ref!) -> #NAME? | F205: =IF(ISBLANK(termine!#ref!),"",termine!#ref!) -> #NAME? | G205: =IF(ISBLANK(termine!#ref!),"",termine!#ref!) -> #NAME? | H205: =IF(ISBLANK(termine!#ref!),"",termine!#ref!) -> #NAME?
A206: =Termine!AF17 -> 46038 | B206: =IF(ISBLANK(Termine!AG17),"",Termine!AG17) -> Freitag | C206: =IF(ISBLANK(Termine!AH17),"",Termine!AH17) -> interner Feiertag | D206: =IF(ISBLANK(Termine!AJ17),"",Termine!AJ17) | E206: =IF(ISBLANK(Termine!AK17),"",Termine!AK17) | F206: =IF(ISBLANK(Termine!AL17),"",Termine!AL17) | G206: =IF(ISBLANK(Termine!AM17),"",Termine!AM17) | H206: =IF(ISBLANK(Termine!AN17),"",Termine!AN17)
A207: =Termine!AF18 -> 46039 | B207: =IF(ISBLANK(Termine!AG18),"",Termine!AG18) -> Samstag | C207: =IF(ISBLANK(Termine!AH18),"",Termine!AH18) | D207: =IF(ISBLANK(Termine!AJ18),"",Termine!AJ18) | E207: =IF(ISBLANK(Termine!AK18),"",Termine!AK18) | F207: =IF(ISBLANK(Termine!AL18),"",Termine!AL18) | G207: =IF(ISBLANK(Termine!AM18),"",Termine!AM18) | H207: =IF(ISBLANK(Termine!AN18),"",Termine!AN18)
A208: =Termine!AF19 -> 46040 | B208: =IF(ISBLANK(Termine!AG19),"",Termine!AG19) -> Sonntag | C208: =IF(ISBLANK(Termine!AH19),"",Termine!AH19) | D208: =IF(ISBLANK(Termine!AJ19),"",Termine!AJ19) | E208: =IF(ISBLANK(Termine!AK19),"",Termine!AK19) | F208: =IF(ISBLANK(Termine!AL19),"",Termine!AL19) | G208: =IF(ISBLANK(Termine!AM19),"",Termine!AM19) | H208: =IF(ISBLANK(Termine!AN19),"",Termine!AN19)
A209: =Termine!AF20 -> 46041 | B209: =IF(ISBLANK(Termine!AG20),"",Termine!AG20) -> Montag | C209: =IF(ISBLANK(Termine!AH20),"",Termine!AH20) | D209: =IF(ISBLANK(Termine!AJ20),"",Termine!AJ20) -> Wevelinghoven | E209: =IF(ISBLANK(Termine!AK20),"",Termine!AK20) -> bünde | F209: =IF(ISBLANK(Termine!AL20),"",Termine!AL20) | G209: =IF(ISBLANK(Termine!AM20),"",Termine!AM20) | H209: =IF(ISBLANK(Termine!AN20),"",Termine!AN20) -> mit Tom
A210: =Termine!AF21 -> 46042 | B210: =IF(ISBLANK(Termine!AG21),"",Termine!AG21) -> Dienstag | C210: =IF(ISBLANK(Termine!AH21),"",Termine!AH21) | D210: =IF(ISBLANK(Termine!AJ21),"",Termine!AJ21) -> Allego | 25-12 | Coop Fehmarn // 3906 Greenflash | E210: =IF(ISBLANK(Termine!AK21),"",Termine!AK21) -> Bünde | F210: =IF(ISBLANK(Termine!AL21),"",Termine!AL21) | G210: =IF(ISBLANK(Termine!AM21),"",Termine!AM21) -> Fehmarn – nur Wandlerprüfung; Green flash Einstellwerte nach VDE ??; Hilfe für Tom bei Wandlerprüfung | H210: =IF(ISBLANK(Termine!AN21),"",Termine!AN21) -> mit Tom
A211: =Termine!AF22 -> 46043 | B211: =IF(ISBLANK(Termine!AG22),"",Termine!AG22) -> Mittwoch | C211: =IF(ISBLANK(Termine!AH22),"",Termine!AH22) | D211: =IF(ISBLANK(Termine!AJ22),"",Termine!AJ22) -> 4699 Greenflash GmbH | Melle (Vor Ort | E211: =IF(ISBLANK(Termine!AK22),"",Termine!AK22) -> Melle | F211: =IF(ISBLANK(Termine!AL22),"",Termine!AL22) | G211: =IF(ISBLANK(Termine!AM22),"",Termine!AM22) | H211: =IF(ISBLANK(Termine!AN22),"",Termine!AN22) -> mit Tom
A212: =Termine!AF23 -> 46044 | B212: =IF(ISBLANK(Termine!AG23),"",Termine!AG23) -> Donnerstag | C212: =IF(ISBLANK(Termine!AH23),"",Termine!AH23) -> möglichst frei | D212: =IF(ISBLANK(Termine!AJ23),"",Termine!AJ23) -> Fernsupport Elias??? | E212: =IF(ISBLANK(Termine!AK23),"",Termine!AK23) | F212: =IF(ISBLANK(Termine!AL23),"",Termine!AL23) | G212: =IF(ISBLANK(Termine!AM23),"",Termine!AM23) -> WIC programmieren?→ Modul mitgeben! | H212: =IF(ISBLANK(Termine!AN23),"",Termine!AN23)
A213: =Termine!AF24 -> 46045 | B213: =IF(ISBLANK(Termine!AG24),"",Termine!AG24) -> Freitag | C213: =IF(ISBLANK(Termine!AH24),"",Termine!AH24) -> frei | D213: =IF(ISBLANK(Termine!AJ24),"",Termine!AJ24) | E213: =IF(ISBLANK(Termine!AK24),"",Termine!AK24) | F213: =IF(ISBLANK(Termine!AL24),"",Termine!AL24) | G213: =IF(ISBLANK(Termine!AM24),"",Termine!AM24) | H213: =IF(ISBLANK(Termine!AN24),"",Termine!AN24)
A214: =Termine!AF25 -> 46046 | B214: =IF(ISBLANK(Termine!AG25),"",Termine!AG25) -> Samstag | C214: =IF(ISBLANK(Termine!AH25),"",Termine!AH25) | D214: =IF(ISBLANK(Termine!AJ25),"",Termine!AJ25) | E214: =IF(ISBLANK(Termine!AK25),"",Termine!AK25) | F214: =IF(ISBLANK(Termine!AL25),"",Termine!AL25) | G214: =IF(ISBLANK(Termine!AM25),"",Termine!AM25) | H214: =IF(ISBLANK(Termine!AN25),"",Termine!AN25)
A215: =Termine!AF26 -> 46047 | B215: =IF(ISBLANK(Termine!AG26),"",Termine!AG26) -> Sonntag | C215: =IF(ISBLANK(Termine!AH26),"",Termine!AH26) | D215: =IF(ISBLANK(Termine!AJ26),"",Termine!AJ26) | E215: =IF(ISBLANK(Termine!AK26),"",Termine!AK26) | F215: =IF(ISBLANK(Termine!AL26),"",Termine!AL26) | G215: =IF(ISBLANK(Termine!AM26),"",Termine!AM26) | H215: =IF(ISBLANK(Termine!AN26),"",Termine!AN26)
A216: =Termine!AF27 -> 46048 | B216: =IF(ISBLANK(Termine!AG27),"",Termine!AG27) -> Montag | C216: =IF(ISBLANK(Termine!AH27),"",Termine!AH27) | D216: =IF(ISBLANK(Termine!AJ27),"",Termine!AJ27) | E216: =IF(ISBLANK(Termine!AK27),"",Termine!AK27) | F216: =IF(ISBLANK(Termine!AL27),"",Termine!AL27) | G216: =IF(ISBLANK(Termine!AM27),"",Termine!AM27) | H216: =IF(ISBLANK(Termine!AN27),"",Termine!AN27)
A217: =Termine!AF28 -> 46049 | B217: =IF(ISBLANK(Termine!AG28),"",Termine!AG28) -> Dienstag | C217: =IF(ISBLANK(Termine!AH28),"",Termine!AH28) | D217: =IF(ISBLANK(Termine!AJ28),"",Termine!AJ28) -> Alte Messe | E217: =IF(ISBLANK(Termine!AK28),"",Termine!AK28) -> Leipzig | F217: =IF(ISBLANK(Termine!AL28),"",Termine!AL28) | G217: =IF(ISBLANK(Termine!AM28),"",Termine!AM28) -> 2 Stück UMZ Allego (Schlüssel!) plus Fernwirkvortest | H217: =IF(ISBLANK(Termine!AN28),"",Termine!AN28) -> mit Tom
... A273: =Termine!AF84 -> 46105 | B273: =IF(ISBLANK(Termine!AG84),"",Termine!AG84) -> Dienstag | C273: =IF(ISBLANK(Termine!AH84),"",Termine!AH84) -> P-26-36 | D273: =IF(ISBLANK(Termine!AJ84),"",Termine!AJ84) -> Husby Flensburger Str. 58 Lader | E273: =IF(ISBLANK(Termine!AK84),"",Termine!AK84) | F273: =IF(ISBLANK(Termine!AL84),"",Termine!AL84) | G273: =IF(ISBLANK(Termine!AM84),"",Termine!AM84) -> Wandlerprüfung, Bittest | H273: =IF(ISBLANK(Termine!AN84),"",Termine!AN84) -> Bittest 13:00 Uhr Herr Saibel 01607040613
A274: =Termine!AF85 -> 46106 | B274: =IF(ISBLANK(Termine!AG85),"",Termine!AG85) -> Mittwoch | C274: =IF(ISBLANK(Termine!AN85),"",Termine!AN85) | D274: =IF(ISBLANK(Termine!AJ85),"",Termine!AJ85) -> Lichtblick Kiel Ellerbek | E274: =IF(ISBLANK(Termine!AK85),"",Termine!AK85) -> Philipp-Reis-Weg 2, 24148 Kiel Ellerbek | F274: =IF(ISBLANK(Termine!AL85),"",Termine!AL85) | G274: =IF(ISBLANK(Termine!AM85),"",Termine!AM85) -> Vortest 24.03. / Bittest 25.03.2026 – 11:00 Uhr | H274: =IF(ISBLANK(Termine!AN85),"",Termine!AN85)
A275: =Termine!AF86 -> 46107 | B275: =IF(ISBLANK(Termine!AG86),"",Termine!AG86) -> Donnerstag | C275: =IF(ISBLANK(Termine!AH86),"",Termine!AH86) -> Wenn Hagen vor Ort ist bitte sofort auf Not Stom Aggregat umschalten lassen! | D275: =IF(ISBLANK(Termine!AJ86),"",Termine!AJ86) | E275: =IF(ISBLANK(Termine!AK86),"",Termine!AK86) | F275: =IF(ISBLANK(Termine!AL86),"",Termine!AL86) | G275: =IF(ISBLANK(Termine!AM86),"",Termine!AM86) | H275: =IF(ISBLANK(Termine!AN86),"",Termine!AN86)
A276: =Termine!AF87 -> 46108 | B276: =IF(ISBLANK(Termine!AG87),"",Termine!AG87) -> Freitag | C276: =IF(ISBLANK(Termine!AH87),"",Termine!AH87) -> P-25-07 | D276: =IF(ISBLANK(Termine!AJ87),"",Termine!AJ87) -> Deinstedt | E276: =IF(ISBLANK(Termine!AK87),"",Termine!AK87) -> 27448 Deinstedt, Malstedter Str. 18 | F276: =IF(ISBLANK(Termine!AL87),"",Termine!AL87) | G276: =IF(ISBLANK(Termine!AM87),"",Termine!AM87) -> 2 x Wiederholungsschutzprüfung | H276: =IF(ISBLANK(Termine!AN87),"",Termine!AN87) -> 1 x MC4 , 1x Woodward
A277: =Termine!AF88 -> 46109 | B277: =IF(ISBLANK(Termine!AG88),"",Termine!AG88) -> Samstag | C277: =IF(ISBLANK(Termine!AH88),"",Termine!AH88) -> vor Ort Herr Jan Bartels 0172-5605350 | D277: =IF(ISBLANK(Termine!AJ88),"",Termine!AJ88) | E277: =IF(ISBLANK(Termine!AK88),"",Termine!AK88) -> Die Übergabestation steht in der Zufahrt links an der Hauptstrasse, Die BGA ist die hintere | F277: =IF(ISBLANK(Termine!AL88),"",Termine!AL88) | G277: =IF(ISBLANK(Termine!AM88),"",Termine!AM88) | H277: =IF(ISBLANK(Termine!AN88),"",Termine!AN88)
A278: =Termine!AF89 -> 46110 | B278: =IF(ISBLANK(Termine!AG89),"",Termine!AG89) -> Sonntag | C278: =IF(ISBLANK(Termine!AH89),"",Termine!AH89) | D278: =IF(ISBLANK(Termine!AJ89),"",Termine!AJ89) | E278: =IF(ISBLANK(Termine!AK89),"",Termine!AK89) | F278: =IF(ISBLANK(Termine!AL89),"",Termine!AL89) | G278: =IF(ISBLANK(Termine!AM89),"",Termine!AM89) | H278: =IF(ISBLANK(Termine!AN89),"",Termine!AN89)
A279: =Termine!AF90 -> 46111 | B279: =IF(ISBLANK(Termine!AG90),"",Termine!AG90) -> Montag | C279: =IF(ISBLANK(Termine!AH90),"",Termine!AH90) -> P-26-35 | D279: =IF(ISBLANK(Termine!AJ90),"",Termine!AJ90) -> Crivitz Brüeler Str. 28 | E279: =IF(ISBLANK(Termine!AK90),"",Termine!AK90) -> Brüeler Str. 28, 19089 Crivitz | F279: =IF(ISBLANK(Termine!AL90),"",Termine!AL90) -> Bittest Herr Mädlin 0385-7551770 | G279: =IF(ISBLANK(Termine!AM90),"",Termine!AM90) -> Schutzprüfung, KU Anzeiger einstell. Mit Foto und Bittest | H279: =IF(ISBLANK(Termine!AN90),"",Termine!AN90) -> Bittest 13:00-14:30 Uhr
A280: =Termine!AF91 -> 46112 | B280: =IF(ISBLANK(Termine!AG91),"",Termine!AG91) -> Dienstag | C280: =IF(ISBLANK(Termine!AH91),"",Termine!AH91) -> P-26-39 | D280: =IF(ISBLANK(Termine!AJ91),"",Termine!AJ91) -> Rietberg | E280: =IF(ISBLANK(Termine!AK91),"",Termine!AK91) -> 33397 Rietberg Mastholter Str. 42 | F280: =IF(ISBLANK(Termine!AL91),"",Termine!AL91) | G280: =IF(ISBLANK(Termine!AM91),"",Termine!AM91) -> Schutzprüfung und Hochlaufprüfung | H280: =IF(ISBLANK(Termine!AN91),"",Termine!AN91) -> Hochl.prüfung 11-16 Uhr, auch Kontakt mit Bestorage aufnehmen Herr Grabhon 0162-2981720 für Laderegler
A281: =Termine!AF92 -> 46113 | B281: =IF(ISBLANK(Termine!AG92),"",Termine!AG92) -> Mittwoch | C281: =IF(ISBLANK(Termine!AH92),"",Termine!AH92) -> 2026-01 Rietberg | D281: =IF(ISBLANK(Termine!AJ92),"",Termine!AJ92) -> Rietberg Tobias Kulage | E281: =IF(ISBLANK(Termine!AK92),"",Termine!AK92) -> 33397 Rietberg, Am Breckfeld 10 | F281: =IF(ISBLANK(Termine!AL92),"",Termine!AL92) | G281: =IF(ISBLANK(Termine!AM92),"",Termine!AM92) -> Wiederholungsprüfung nach Umbau | H281: =IF(ISBLANK(Termine!AN92),"",Termine!AN92)
A282: =Termine!AF93 -> 46114 | B282: =IF(ISBLANK(Termine!AG93),"",Termine!AG93) -> Donnerstag | C282: =IF(ISBLANK(Termine!AH93),"",Termine!AH93) -> 2026-01 Haren | D282: =IF(ISBLANK(Termine!AJ93),"",Termine!AJ93) -> Haren Prüllage | E282: =IF(ISBLANK(Termine!AK93),"",Termine!AK93) -> 49734 Haren, Segberg 10 | F282: =IF(ISBLANK(Termine!AL93),"",Termine!AL93) | G282: =IF(ISBLANK(Termine!AM93),"",Termine!AM93) -> Wiederholungsprüfung-keine vollständige Prüfung, weil dies schon bereits erledigt ist, aber der korrigierte Teil muss nochmal geprüft werden | H282: =IF(ISBLANK(Termine!AN93),"",Termine!AN93)
A283: =Termine!AF94 -> 46115 | B283: =IF(ISBLANK(Termine!AG94),"",Termine!AG94) -> Freitag | C283: =IF(ISBLANK(Termine!AH94),"",Termine!AH94) | D283: =IF(ISBLANK(Termine!AJ94),"",Termine!AJ94) | E283: =IF(ISBLANK(Termine!AK94),"",Termine!AK94) | F283: =IF(ISBLANK(Termine!AL94),"",Termine!AL94) | G283: =IF(ISBLANK(Termine!AM94),"",Termine!AM94) | H283: =IF(ISBLANK(Termine!AN94),"",Termine!AN94)
A284: =Termine!AF95 -> 46116 | B284: =IF(ISBLANK(Termine!AG95),"",Termine!AG95) -> Samstag | C284: =IF(ISBLANK(Termine!AH95),"",Termine!AH95) | D284: =IF(ISBLANK(Termine!AJ95),"",Termine!AJ95) | E284: =IF(ISBLANK(Termine!AK95),"",Termine!AK95) | F284: =IF(ISBLANK(Termine!AL95),"",Termine!AL95) | G284: =IF(ISBLANK(Termine!AM95),"",Termine!AM95) | H284: =IF(ISBLANK(Termine!AN95),"",Termine!AN95)
A285: =Termine!AF96 -> 46117 | B285: =IF(ISBLANK(Termine!AG96),"",Termine!AG96) -> Sonntag | C285: =IF(ISBLANK(Termine!AH96),"",Termine!AH96) | D285: =IF(ISBLANK(Termine!AJ96),"",Termine!AJ96) | E285: =IF(ISBLANK(Termine!AK96),"",Termine!AK96) | F285: =IF(ISBLANK(Termine!AL96),"",Termine!AL96) | G285: =IF(ISBLANK(Termine!AM96),"",Termine!AM96) | H285: =IF(ISBLANK(Termine!AN96),"",Termine!AN96)
A286: =Termine!AF97 -> 46118 | B286: =IF(ISBLANK(Termine!AG97),"",Termine!AG97) -> Montag | C286: =IF(ISBLANK(Termine!AH97),"",Termine!AH97) | D286: =IF(ISBLANK(Termine!AJ97),"",Termine!AJ97) | E286: =IF(ISBLANK(Termine!AK97),"",Termine!AK97) | F286: =IF(ISBLANK(Termine!AL97),"",Termine!AL97) | G286: =IF(ISBLANK(Termine!AM97),"",Termine!AM97) | H286: =IF(ISBLANK(Termine!AN97),"",Termine!AN97)
... A306: =Termine!AF117 -> 46138 | B306: =IF(ISBLANK(Termine!AG117),"",Termine!AG117) -> Sonntag | C306: =IF(ISBLANK(Termine!AH117),"",Termine!AH117) | D306: =IF(ISBLANK(Termine!AJ117),"",Termine!AJ117) | E306: =IF(ISBLANK(Termine!AK117),"",Termine!AK117) | F306: =IF(ISBLANK(Termine!AL117),"",Termine!AL117) | G306: =IF(ISBLANK(Termine!AM117),"",Termine!AM117) | H306: =IF(ISBLANK(Termine!AN117),"",Termine!AN117)
A307: =Termine!AF118 -> 46139 | B307: =IF(ISBLANK(Termine!AG118),"",Termine!AG118) -> Montag | C307: =IF(ISBLANK(Termine!AH118),"",Termine!AH118) -> 2026-04 | D307: =IF(ISBLANK(Termine!AJ119),"",Termine!AJ119) -> Oschersleben | E307: =IF(ISBLANK(Termine!AK118),"",Termine!AK118) -> 19357 Postlin, Petrus-Kregenow-Str. 36 | F307: =IF(ISBLANK(Termine!AL118),"",Termine!AL118) | G307: =IF(ISBLANK(Termine!AM118),"",Termine!AM118) -> Schutzprüfung u. Vorbittest | H307: =IF(ISBLANK(Termine!AN118),"",Termine!AN118) -> mit Finn
A308: =Termine!AF119 -> 46140 | B308: =IF(ISBLANK(Termine!AG119),"",Termine!AG119) -> Dienstag | C308: =IF(ISBLANK(Termine!AH119),"",Termine!AH119) -> P-26-07–9:00 | D308: =IF(ISBLANK(termine!#ref!),"",termine!#ref!) -> #NAME? | E308: =IF(ISBLANK(Termine!AK119),"",Termine!AK119) -> Hornhäuser Str., 39387 Oschersleben | F308: =IF(ISBLANK(Termine!AL119),"",Termine!AL119) -> M +49 152 21869436 Vitali Spreier | G308: =IF(ISBLANK(Termine!AM119),"",Termine!AM119) -> Schutzprüfung Einspeiser | H308: =IF(ISBLANK(Termine!AN119),"",Termine!AN119) -> mit Finn
A309: =Termine!AF120 -> 46141 | B309: =IF(ISBLANK(Termine!AG120),"",Termine!AG120) -> Mittwoch | C309: =IF(ISBLANK(Termine!AH120),"",Termine!AH120) -> 1.) 29.04.--2026-03 | D309: =IF(ISBLANK(Termine!AJ120),"",Termine!AJ120) -> Malente | E309: =IF(ISBLANK(Termine!AK120),"",Termine!AK120) -> 23714 Malente, Bahnhofstr. 40 Lader | F309: =IF(ISBLANK(Termine!AL120),"",Termine!AL120) | G309: =IF(ISBLANK(Termine!AM120),"",Termine!AM120) -> Vorbittest,HH-Sicherungsanlage nur Wandlerprüfung, Trafoschutzauslösung und Auslösung HH-Sicherung durchführen, mit Speicher, somit auch den Entkupplungsschutz prüfen | H309: =IF(ISBLANK(Termine!AN120),"",Termine!AN120)
A310: =Termine!AF121 -> 46142 | B310: =IF(ISBLANK(Termine!AG121),"",Termine!AG121) -> Donnerstag | C310: =IF(ISBLANK(Termine!AH121),"",Termine!AH121) -> 2.) 29.04.-2026-03 | D310: =IF(ISBLANK(Termine!AJ121),"",Termine!AJ121) -> Heiligenhafen | E310: =IF(ISBLANK(Termine!AK121),"",Termine!AK121) -> 23775 Heiligenhafen, Industriestr.3 | F310: =IF(ISBLANK(Termine!AL121),"",Termine!AL121) | G310: =IF(ISBLANK(Termine!AM121),"",Termine!AM121) -> Vorbittest,HH-Sicherungsanlage nur Wandlerprüfung, Trafoschutzauslösung und Auslösung HH-Sicherung durchführen, mit Speicher, somit auch den Entkupplungsschutz prüfen | H310: =IF(ISBLANK(Termine!AN121),"",Termine!AN121)
A311: =Termine!AF122 -> 46143 | B311: =IF(ISBLANK(Termine!AG122),"",Termine!AG122) -> Freitag | C311: =IF(ISBLANK(Termine!AH122),"",Termine!AH122) -> 3.) | D311: =IF(ISBLANK(Termine!AJ122),"",Termine!AJ122) -> Pahlen | E311: =IF(ISBLANK(Termine!AK122),"",Termine!AK122) -> 25794 Pahlen, Hauptstr. | F311: =IF(ISBLANK(Termine!AL122),"",Termine!AL122) | G311: =IF(ISBLANK(Termine!AM122),"",Termine!AM122) -> 1x Station Ziehl-relais tauschen , andere Station MS-LS Auslösung prüfen | H311: =IF(ISBLANK(Termine!AN122),"",Termine!AN122)
A312: =Termine!AF123 -> 46144 | B312: =IF(ISBLANK(Termine!AG123),"",Termine!AG123) -> Samstag | C312: =IF(ISBLANK(Termine!AH123),"",Termine!AH123) | D312: =IF(ISBLANK(Termine!AJ123),"",Termine!AJ123) | E312: =IF(ISBLANK(Termine!AK123),"",Termine!AK123) | F312: =IF(ISBLANK(Termine!AL123),"",Termine!AL123) | G312: =IF(ISBLANK(Termine!AM123),"",Termine!AM123) | H312: =IF(ISBLANK(Termine!AN123),"",Termine!AN123)
A313: =Termine!AF124 -> 46145 | B313: =IF(ISBLANK(Termine!AG124),"",Termine!AG124) -> Sonntag | C313: =IF(ISBLANK(Termine!AH124),"",Termine!AH124) | D313: =IF(ISBLANK(Termine!AJ124),"",Termine!AJ124) | E313: =IF(ISBLANK(Termine!AK124),"",Termine!AK124) | F313: =IF(ISBLANK(Termine!AL124),"",Termine!AL124) | G313: =IF(ISBLANK(Termine!AM124),"",Termine!AM124) | H313: =IF(ISBLANK(Termine!AN124),"",Termine!AN124)
A314: =Termine!AF125 -> 46146 | B314: =IF(ISBLANK(Termine!AG125),"",Termine!AG125) -> Montag | C314: =IF(ISBLANK(Termine!AH125),"",Termine!AH125) -> 2026-04 | D314: =IF(ISBLANK(Termine!AJ125),"",Termine!AJ125) -> Kalchreuth | E314: =IF(ISBLANK(Termine!AK125),"",Termine!AK125) -> 90562 Kalchreuth,Röckenhof - 49°33'39.4"N 11°09'18.8"E ,49.5609510, 11.1552200 | F314: =IF(ISBLANK(Termine!AL125),"",Termine!AL125) | G314: =IF(ISBLANK(Termine!AM125),"",Termine!AM125) | H314: =IF(ISBLANK(Termine!AN125),"",Termine!AN125)
A315: =Termine!AF126 -> 46147 | B315: =IF(ISBLANK(Termine!AG126),"",Termine!AG126) -> Dienstag | C315: =IF(ISBLANK(Termine!AH126),"",Termine!AH126) -> 2026-04 | D315: =IF(ISBLANK(Termine!AJ126),"",Termine!AJ126) -> Kalchreuth | E315: =IF(ISBLANK(Termine!AK126),"",Termine!AK126) -> 90563 Kalchreuth,Röckenhof | F315: =IF(ISBLANK(Termine!AL126),"",Termine!AL126) | G315: =IF(ISBLANK(Termine!AM126),"",Termine!AM126) -> Schutzprüfung 1x ÜST, 2x TrSt | H315: =IF(ISBLANK(Termine!AN126),"",Termine!AN126) -> Fremdfirma hat Schutz gemacht
A316: =Termine!AF127 -> 46148 | B316: =IF(ISBLANK(Termine!AG127),"",Termine!AG127) -> Mittwoch | C316: =IF(ISBLANK(Termine!AH127),"",Termine!AH127) -> Firmenlauf | D316: =IF(ISBLANK(Termine!AJ127),"",Termine!AJ127) | E316: =IF(ISBLANK(Termine!AK127),"",Termine!AK127) | F316: =IF(ISBLANK(Termine!AL127),"",Termine!AL127) | G316: =IF(ISBLANK(Termine!AM127),"",Termine!AM127) | H316: =IF(ISBLANK(Termine!AN127),"",Termine!AN127)
A317: =Termine!AF128 -> 46149 | B317: =IF(ISBLANK(Termine!AG128),"",Termine!AG128) -> Donnerstag | C317: =IF(ISBLANK(Termine!AH128),"",Termine!AH128) -> ???? | D317: =IF(ISBLANK(Termine!AJ128),"",Termine!AJ128) -> ?????? | E317: =IF(ISBLANK(Termine!AK128),"",Termine!AK128) | F317: =IF(ISBLANK(Termine!AL128),"",Termine!AL128) | G317: =IF(ISBLANK(Termine!AM128),"",Termine!AM128) | H317: =IF(ISBLANK(Termine!AN128),"",Termine!AN128)
A318: =Termine!AF129 -> 46150 | B318: =IF(ISBLANK(Termine!AG129),"",Termine!AG129) -> Freitag | C318: =IF(ISBLANK(Termine!AH129),"",Termine!AH129) -> 2026-04 | D318: =IF(ISBLANK(Termine!AJ129),"",Termine!AJ129) -> Uhlhorn Schönfeld Klockow | E318: =IF(ISBLANK(Termine!AK129),"",Termine!AK129) -> 17291 Schönfeld Klockow 83 | F318: =IF(ISBLANK(Termine!AL129),"",Termine!AL129) | G318: =IF(ISBLANK(Termine!AM129),"",Termine!AM129) -> Schutzprüfung u. Vorbittest | H318: =IF(ISBLANK(Termine!AN129),"",Termine!AN129)
A319: =Termine!AF130 -> 46151 | B319: =IF(ISBLANK(Termine!AG130),"",Termine!AG130) -> Samstag | C319: =IF(ISBLANK(Termine!AH130),"",Termine!AH130) | D319: =IF(ISBLANK(Termine!AJ130),"",Termine!AJ130) | E319: =IF(ISBLANK(Termine!AK130),"",Termine!AK130) | F319: =IF(ISBLANK(Termine!AL130),"",Termine!AL130) | G319: =IF(ISBLANK(Termine!AM130),"",Termine!AM130) | H319: =IF(ISBLANK(Termine!AN130),"",Termine!AN130)
A320: =Termine!AF131 -> 46152 | B320: =IF(ISBLANK(Termine!AG131),"",Termine!AG131) -> Sonntag | C320: =IF(ISBLANK(Termine!AH131),"",Termine!AH131) | D320: =IF(ISBLANK(Termine!AJ131),"",Termine!AJ131) | E320: =IF(ISBLANK(Termine!AK131),"",Termine!AK131) | F320: =IF(ISBLANK(Termine!AL131),"",Termine!AL131) | G320: =IF(ISBLANK(Termine!AM131),"",Termine!AM131) | H320: =IF(ISBLANK(Termine!AN131),"",Termine!AN131)
...

Sheet Kevin
A1: =IF(ISBLANK(Termine!CN1),"",Termine!CN1) -> Datum | B1: =IF(ISBLANK(Termine!CO1),"",Termine!CO1) -> Wochentag | C1: =IF(ISBLANK(Termine!CP1),"",Termine!CP1) -> Kevin Koehn | D1: =IF(ISBLANK(Termine!CR1),"",Termine!CR1) -> Projekt4 | E1: =IF(ISBLANK(Termine!CS1),"",Termine!CS1) -> Adresse | F1: =IF(ISBLANK(Termine!CT1),"",Termine!CT1) -> Ansprechpartner | G1: =IF(ISBLANK(Termine!CU1),"",Termine!CU1) -> Auftrag | H1: =IF(ISBLANK(Termine!CV1),"",Termine!CV1) -> Bemerkungen
A2: =termine!#ref! -> #NAME? | B2: =IF(ISBLANK(termine!#ref!),"",termine!#ref!) -> #NAME? | C2: =IF(ISBLANK(termine!#ref!),"",termine!#ref!) -> #NAME? | D2: =IF(ISBLANK(termine!#ref!),"",termine!#ref!) -> #NAME? | E2: =IF(ISBLANK(termine!#ref!),"",termine!#ref!) -> #NAME? | F2: =IF(ISBLANK(termine!#ref!),"",termine!#ref!) -> #NAME? | G2: =IF(ISBLANK(termine!#ref!),"",termine!#ref!) -> #NAME? | H2: =IF(ISBLANK(termine!#ref!),"",termine!#ref!) -> #NAME?
A3: =termine!#ref! -> #NAME? | B3: =IF(ISBLANK(termine!#ref!),"",termine!#ref!) -> #NAME? | C3: =IF(ISBLANK(termine!#ref!),"",termine!#ref!) -> #NAME? | D3: =IF(ISBLANK(termine!#ref!),"",termine!#ref!) -> #NAME? | E3: =IF(ISBLANK(termine!#ref!),"",termine!#ref!) -> #NAME? | F3: =IF(ISBLANK(termine!#ref!),"",termine!#ref!) -> #NAME? | G3: =IF(ISBLANK(termine!#ref!),"",termine!#ref!) -> #NAME? | H3: =IF(ISBLANK(termine!#ref!),"",termine!#ref!) -> #NAME?
A4: =termine!#ref! -> #NAME? | B4: =IF(ISBLANK(termine!#ref!),"",termine!#ref!) -> #NAME? | C4: =IF(ISBLANK(termine!#ref!),"",termine!#ref!) -> #NAME? | D4: =IF(ISBLANK(termine!#ref!),"",termine!#ref!) -> #NAME? | E4: =IF(ISBLANK(termine!#ref!),"",termine!#ref!) -> #NAME? | F4: =IF(ISBLANK(termine!#ref!),"",termine!#ref!) -> #NAME? | G4: =IF(ISBLANK(termine!#ref!),"",termine!#ref!) -> #NAME? | H4: =IF(ISBLANK(termine!#ref!),"",termine!#ref!) -> #NAME?
A5: =termine!#ref! -> #NAME? | B5: =IF(ISBLANK(termine!#ref!),"",termine!#ref!) -> #NAME? | C5: =IF(ISBLANK(termine!#ref!),"",termine!#ref!) -> #NAME? | D5: =IF(ISBLANK(termine!#ref!),"",termine!#ref!) -> #NAME? | E5: =IF(ISBLANK(termine!#ref!),"",termine!#ref!) -> #NAME? | F5: =IF(ISBLANK(termine!#ref!),"",termine!#ref!) -> #NAME? | G5: =IF(ISBLANK(termine!#ref!),"",termine!#ref!) -> #NAME? | H5: =IF(ISBLANK(termine!#ref!),"",termine!#ref!) -> #NAME?
A6: =termine!#ref! -> #NAME? | B6: =IF(ISBLANK(termine!#ref!),"",termine!#ref!) -> #NAME? | C6: =IF(ISBLANK(termine!#ref!),"",termine!#ref!) -> #NAME? | D6: =IF(ISBLANK(termine!#ref!),"",termine!#ref!) -> #NAME? | E6: =IF(ISBLANK(termine!#ref!),"",termine!#ref!) -> #NAME? | F6: =IF(ISBLANK(termine!#ref!),"",termine!#ref!) -> #NAME? | G6: =IF(ISBLANK(termine!#ref!),"",termine!#ref!) -> #NAME? | H6: =IF(ISBLANK(termine!#ref!),"",termine!#ref!) -> #NAME?
A7: =termine!#ref! -> #NAME? | B7: =IF(ISBLANK(termine!#ref!),"",termine!#ref!) -> #NAME? | C7: =IF(ISBLANK(termine!#ref!),"",termine!#ref!) -> #NAME? | D7: =IF(ISBLANK(termine!#ref!),"",termine!#ref!) -> #NAME? | E7: =IF(ISBLANK(termine!#ref!),"",termine!#ref!) -> #NAME? | F7: =IF(ISBLANK(termine!#ref!),"",termine!#ref!) -> #NAME? | G7: =IF(ISBLANK(termine!#ref!),"",termine!#ref!) -> #NAME? | H7: =IF(ISBLANK(termine!#ref!),"",termine!#ref!) -> #NAME?
A8: =termine!#ref! -> #NAME? | B8: =IF(ISBLANK(termine!#ref!),"",termine!#ref!) -> #NAME? | C8: =IF(ISBLANK(termine!#ref!),"",termine!#ref!) -> #NAME? | D8: =IF(ISBLANK(termine!#ref!),"",termine!#ref!) -> #NAME? | E8: =IF(ISBLANK(termine!#ref!),"",termine!#ref!) -> #NAME? | F8: =IF(ISBLANK(termine!#ref!),"",termine!#ref!) -> #NAME? | G8: =IF(ISBLANK(termine!#ref!),"",termine!#ref!) -> #NAME? | H8: =IF(ISBLANK(termine!#ref!),"",termine!#ref!) -> #NAME?
A9: =termine!#ref! -> #NAME? | B9: =IF(ISBLANK(termine!#ref!),"",termine!#ref!) -> #NAME? | C9: =IF(ISBLANK(termine!#ref!),"",termine!#ref!) -> #NAME? | D9: =IF(ISBLANK(termine!#ref!),"",termine!#ref!) -> #NAME? | E9: =IF(ISBLANK(termine!#ref!),"",termine!#ref!) -> #NAME? | F9: =IF(ISBLANK(termine!#ref!),"",termine!#ref!) -> #NAME? | G9: =IF(ISBLANK(termine!#ref!),"",termine!#ref!) -> #NAME? | H9: =IF(ISBLANK(termine!#ref!),"",termine!#ref!) -> #NAME?
A10: =termine!#ref! -> #NAME? | B10: =IF(ISBLANK(termine!#ref!),"",termine!#ref!) -> #NAME? | C10: =IF(ISBLANK(termine!#ref!),"",termine!#ref!) -> #NAME? | D10: =IF(ISBLANK(termine!#ref!),"",termine!#ref!) -> #NAME? | E10: =IF(ISBLANK(termine!#ref!),"",termine!#ref!) -> #NAME? | F10: =IF(ISBLANK(termine!#ref!),"",termine!#ref!) -> #NAME? | G10: =IF(ISBLANK(termine!#ref!),"",termine!#ref!) -> #NAME? | H10: =IF(ISBLANK(termine!#ref!),"",termine!#ref!) -> #NAME?
A11: =termine!#ref! -> #NAME? | B11: =IF(ISBLANK(termine!#ref!),"",termine!#ref!) -> #NAME? | C11: =IF(ISBLANK(termine!#ref!),"",termine!#ref!) -> #NAME? | D11: =IF(ISBLANK(termine!#ref!),"",termine!#ref!) -> #NAME? | E11: =IF(ISBLANK(termine!#ref!),"",termine!#ref!) -> #NAME? | F11: =IF(ISBLANK(termine!#ref!),"",termine!#ref!) -> #NAME? | G11: =IF(ISBLANK(termine!#ref!),"",termine!#ref!) -> #NAME? | H11: =IF(ISBLANK(termine!#ref!),"",termine!#ref!) -> #NAME?
A12: =termine!#ref! -> #NAME? | B12: =IF(ISBLANK(termine!#ref!),"",termine!#ref!) -> #NAME? | C12: =IF(ISBLANK(termine!#ref!),"",termine!#ref!) -> #NAME? | D12: =IF(ISBLANK(termine!#ref!),"",termine!#ref!) -> #NAME? | E12: =IF(ISBLANK(termine!#ref!),"",termine!#ref!) -> #NAME? | F12: =IF(ISBLANK(termine!#ref!),"",termine!#ref!) -> #NAME? | G12: =IF(ISBLANK(termine!#ref!),"",termine!#ref!) -> #NAME? | H12: =IF(ISBLANK(termine!#ref!),"",termine!#ref!) -> #NAME?
A13: =termine!#ref! -> #NAME? | B13: =IF(ISBLANK(termine!#ref!),"",termine!#ref!) -> #NAME? | C13: =IF(ISBLANK(termine!#ref!),"",termine!#ref!) -> #NAME? | D13: =IF(ISBLANK(termine!#ref!),"",termine!#ref!) -> #NAME? | E13: =IF(ISBLANK(termine!#ref!),"",termine!#ref!) -> #NAME? | F13: =IF(ISBLANK(termine!#ref!),"",termine!#ref!) -> #NAME? | G13: =IF(ISBLANK(termine!#ref!),"",termine!#ref!) -> #NAME? | H13: =IF(ISBLANK(termine!#ref!),"",termine!#ref!) -> #NAME?
... A190: =termine!#ref! -> #NAME? | B190: =IF(ISBLANK(termine!#ref!),"",termine!#ref!) -> #NAME? | C190: =IF(ISBLANK(termine!#ref!),"",termine!#ref!) -> #NAME? | D190: =IF(ISBLANK(termine!#ref!),"",termine!#ref!) -> #NAME? | E190: =IF(ISBLANK(termine!#ref!),"",termine!#ref!) -> #NAME? | F190: =IF(ISBLANK(termine!#ref!),"",termine!#ref!) -> #NAME? | G190: =IF(ISBLANK(termine!#ref!),"",termine!#ref!) -> #NAME? | H190: =IF(ISBLANK(termine!#ref!),"",termine!#ref!) -> #NAME?
A191: =Termine!CN2 -> 46023 | B191: =IF(ISBLANK(Termine!CO2),"",Termine!CO2) -> Donnerstag | C191: =IF(ISBLANK(Termine!CP2),"",Termine!CP2) -> Feiertag | D191: =IF(ISBLANK(Termine!CR2),"",Termine!CR2) | E191: =IF(ISBLANK(Termine!CS2),"",Termine!CS2) | F191: =IF(ISBLANK(Termine!CT2),"",Termine!CT2) | G191: =IF(ISBLANK(Termine!CU2),"",Termine!CU2) | H191: =IF(ISBLANK(Termine!CV2),"",Termine!CV2)
A192: =Termine!CN3 -> 46024 | B192: =IF(ISBLANK(Termine!CO3),"",Termine!CO3) -> Freitag | C192: =IF(ISBLANK(Termine!CP3),"",Termine!CP3) -> frei | D192: =IF(ISBLANK(Termine!CR3),"",Termine!CR3) | E192: =IF(ISBLANK(Termine!CS3),"",Termine!CS3) | F192: =IF(ISBLANK(Termine!CT3),"",Termine!CT3) | G192: =IF(ISBLANK(Termine!CU3),"",Termine!CU3) | H192: =IF(ISBLANK(Termine!CV3),"",Termine!CV3)
A193: =Termine!CN4 -> 46025 | B193: =IF(ISBLANK(Termine!CO4),"",Termine!CO4) -> Samstag | C193: =IF(ISBLANK(Termine!CP4),"",Termine!CP4) | D193: =IF(ISBLANK(Termine!CR4),"",Termine!CR4) | E193: =IF(ISBLANK(Termine!CS4),"",Termine!CS4) | F193: =IF(ISBLANK(Termine!CT4),"",Termine!CT4) | G193: =IF(ISBLANK(Termine!CU4),"",Termine!CU4) | H193: =IF(ISBLANK(Termine!CV4),"",Termine!CV4)
A194: =Termine!CN5 -> 46026 | B194: =IF(ISBLANK(Termine!CO5),"",Termine!CO5) -> Sonntag | C194: =IF(ISBLANK(Termine!CP5),"",Termine!CP5) | D194: =IF(ISBLANK(Termine!CR5),"",Termine!CR5) | E194: =IF(ISBLANK(Termine!CS5),"",Termine!CS5) | F194: =IF(ISBLANK(Termine!CT5),"",Termine!CT5) | G194: =IF(ISBLANK(Termine!CU5),"",Termine!CU5) | H194: =IF(ISBLANK(Termine!CV5),"",Termine!CV5)
A195: =Termine!CN6 -> 46027 | B195: =IF(ISBLANK(Termine!CO6),"",Termine!CO6) -> Montag | C195: =IF(ISBLANK(Termine!CP6),"",Termine!CP6) -> frei | D195: =IF(ISBLANK(Termine!CR6),"",Termine!CR6) | E195: =IF(ISBLANK(Termine!CS6),"",Termine!CS6) | F195: =IF(ISBLANK(Termine!CT6),"",Termine!CT6) | G195: =IF(ISBLANK(Termine!CU6),"",Termine!CU6) | H195: =IF(ISBLANK(Termine!CV6),"",Termine!CV6)
A196: =Termine!CN7 -> 46028 | B196: =IF(ISBLANK(Termine!CO7),"",Termine!CO7) -> Dienstag | C196: =IF(ISBLANK(Termine!CP7),"",Termine!CP7) -> Feiertag | D196: =IF(ISBLANK(Termine!CR7),"",Termine!CR7) | E196: =IF(ISBLANK(Termine!CS7),"",Termine!CS7) | F196: =IF(ISBLANK(Termine!CT7),"",Termine!CT7) | G196: =IF(ISBLANK(Termine!CU7),"",Termine!CU7) | H196: =IF(ISBLANK(Termine!CV7),"",Termine!CV7)
A197: =Termine!CN8 -> 46029 | B197: =IF(ISBLANK(Termine!CO8),"",Termine!CO8) -> Mittwoch | C197: =IF(ISBLANK(Termine!CP8),"",Termine!CP8) | D197: =IF(ISBLANK(Termine!CR8),"",Termine!CR8) -> Eichenbarleben | E197: =IF(ISBLANK(Termine!CS8),"",Termine!CS8) -> TST: 52°10'00.0"N 11°24'33.1"E ÜST: 52°10'00.0"N 11°24'33.1"E | F197: =IF(ISBLANK(Termine!CT8),"",Termine!CT8) -> Nils Bermann 039206/68090 | G197: =IF(ISBLANK(Termine!CU8),"",Termine!CU8) -> Wieder- Holungsprüfung Securenergy | H197: =IF(ISBLANK(Termine!CV8),"",Termine!CV8) -> ABB Siemens
A198: =Termine!CN9 -> 46030 | B198: =IF(ISBLANK(Termine!CO9),"",Termine!CO9) -> Donnerstag | C198: =IF(ISBLANK(Termine!CP9),"",Termine!CP9) | D198: =IF(ISBLANK(Termine!CR9),"",Termine!CR9) | E198: =IF(ISBLANK(Termine!CS9),"",Termine!CS9) | F198: =IF(ISBLANK(Termine!CT9),"",Termine!CT9) | G198: =IF(ISBLANK(Termine!CU9),"",Termine!CU9) | H198: =IF(ISBLANK(Termine!CV9),"",Termine!CV9)
A199: =Termine!CN10 -> 46031 | B199: =IF(ISBLANK(Termine!CO10),"",Termine!CO10) -> Freitag | C199: =IF(ISBLANK(Termine!CP10),"",Termine!CP10) | D199: =IF(ISBLANK(Termine!CR10),"",Termine!CR10) | E199: =IF(ISBLANK(Termine!CS10),"",Termine!CS10) | F199: =IF(ISBLANK(Termine!CT10),"",Termine!CT10) | G199: =IF(ISBLANK(Termine!CU10),"",Termine!CU10) | H199: =IF(ISBLANK(Termine!CV10),"",Termine!CV10)
A200: =Termine!CN11 -> 46032 | B200: =IF(ISBLANK(Termine!CO11),"",Termine!CO11) -> Samstag | C200: =IF(ISBLANK(Termine!CP11),"",Termine!CP11) | D200: =IF(ISBLANK(Termine!CR11),"",Termine!CR11) | E200: =IF(ISBLANK(Termine!CS11),"",Termine!CS11) | F200: =IF(ISBLANK(Termine!CT11),"",Termine!CT11) | G200: =IF(ISBLANK(Termine!CU11),"",Termine!CU11) | H200: =IF(ISBLANK(Termine!CV11),"",Termine!CV11)
A201: =Termine!CN12 -> 46033 | B201: =IF(ISBLANK(Termine!CO12),"",Termine!CO12) -> Sonntag | C201: =IF(ISBLANK(Termine!CP12),"",Termine!CP12) | D201: =IF(ISBLANK(Termine!CR12),"",Termine!CR12) | E201: =IF(ISBLANK(Termine!CS12),"",Termine!CS12) | F201: =IF(ISBLANK(Termine!CT12),"",Termine!CT12) | G201: =IF(ISBLANK(Termine!CU12),"",Termine!CU12) | H201: =IF(ISBLANK(Termine!CV12),"",Termine!CV12)
A202: =Termine!CN13 -> 46034 | B202: =IF(ISBLANK(Termine!CO13),"",Termine!CO13) -> Montag | C202: =IF(ISBLANK(Termine!CP13),"",Termine!CP13) | D202: =IF(ISBLANK(Termine!CR13),"",Termine!CR13) | E202: =IF(ISBLANK(Termine!CS13),"",Termine!CS13) | F202: =IF(ISBLANK(Termine!CT13),"",Termine!CT13) | G202: =IF(ISBLANK(Termine!CU13),"",Termine!CU13) | H202: =IF(ISBLANK(Termine!CV13),"",Termine!CV13)
... A204: =Termine!CN15 -> 46036 | B204: =IF(ISBLANK(Termine!CO15),"",Termine!CO15) -> Mittwoch | C204: =IF(ISBLANK(Termine!CP15),"",Termine!CP15) | D204: =IF(ISBLANK(Termine!CR15),"",Termine!CR15) | E204: =IF(ISBLANK(Termine!CS15),"",Termine!CS15) | F204: =IF(ISBLANK(Termine!CT15),"",Termine!CT15) | G204: =IF(ISBLANK(Termine!CU15),"",Termine!CU15) | H204: =IF(ISBLANK(Termine!CV15),"",Termine!CV15)
A205: =termine!#ref! -> #NAME? | B205: =IF(ISBLANK(termine!#ref!),"",termine!#ref!) -> #NAME? | C205: =IF(ISBLANK(termine!#ref!),"",termine!#ref!) -> #NAME? | D205: =IF(ISBLANK(termine!#ref!),"",termine!#ref!) -> #NAME? | E205: =IF(ISBLANK(termine!#ref!),"",termine!#ref!) -> #NAME? | F205: =IF(ISBLANK(termine!#ref!),"",termine!#ref!) -> #NAME? | G205: =IF(ISBLANK(termine!#ref!),"",termine!#ref!) -> #NAME? | H205: =IF(ISBLANK(termine!#ref!),"",termine!#ref!) -> #NAME?
A206: =Termine!CN17 -> 46038 | B206: =IF(ISBLANK(Termine!CO17),"",Termine!CO17) -> Freitag | C206: =IF(ISBLANK(Termine!CP17),"",Termine!CP17) -> interner Feiertag | D206: =IF(ISBLANK(Termine!CR17),"",Termine!CR17) | E206: =IF(ISBLANK(Termine!CS17),"",Termine!CS17) | F206: =IF(ISBLANK(Termine!CT17),"",Termine!CT17) | G206: =IF(ISBLANK(Termine!CU17),"",Termine!CU17) | H206: =IF(ISBLANK(Termine!CV17),"",Termine!CV17)
A207: =Termine!CN18 -> 46039 | B207: =IF(ISBLANK(Termine!CO18),"",Termine!CO18) -> Samstag | C207: =IF(ISBLANK(Termine!CP18),"",Termine!CP18) | D207: =IF(ISBLANK(Termine!CR18),"",Termine!CR18) | E207: =IF(ISBLANK(Termine!CS18),"",Termine!CS18) | F207: =IF(ISBLANK(Termine!CT18),"",Termine!CT18) | G207: =IF(ISBLANK(Termine!CU18),"",Termine!CU18) | H207: =IF(ISBLANK(Termine!CV18),"",Termine!CV18)
A208: =Termine!CN19 -> 46040 | B208: =IF(ISBLANK(Termine!CO19),"",Termine!CO19) -> Sonntag | C208: =IF(ISBLANK(Termine!CP19),"",Termine!CP19) | D208: =IF(ISBLANK(Termine!CR19),"",Termine!CR19) | E208: =IF(ISBLANK(Termine!CS19),"",Termine!CS19) | F208: =IF(ISBLANK(Termine!CT19),"",Termine!CT19) | G208: =IF(ISBLANK(Termine!CU19),"",Termine!CU19) | H208: =IF(ISBLANK(Termine!CV19),"",Termine!CV19)
A209: =Termine!CN20 -> 46041 | B209: =IF(ISBLANK(Termine!CO20),"",Termine!CO20) -> Montag | C209: =IF(ISBLANK(Termine!CP20),"",Termine!CP20) | D209: =IF(ISBLANK(Termine!CR20),"",Termine!CR20) -> Wartung TST | E209: =IF(ISBLANK(Termine!CS20),"",Termine!CS20) -> Portitzer Allee 8, 04329 Leipzig | F209: =IF(ISBLANK(Termine!CT20),"",Termine!CT20) | G209: =IF(ISBLANK(Termine!CU20),"",Termine!CU20) -> 9 Uhr TML Leipzig - Trafowartung | H209: =IF(ISBLANK(Termine!CV20),"",Termine!CV20)
A210: =Termine!CN21 -> 46042 | B210: =IF(ISBLANK(Termine!CO21),"",Termine!CO21) -> Dienstag | C210: =IF(ISBLANK(Termine!CP21),"",Termine!CP21) | D210: =IF(ISBLANK(Termine!CR21),"",Termine!CR21) -> Laage | E210: =IF(ISBLANK(Termine!CS21),"",Termine!CS21) | F210: =IF(ISBLANK(Termine!CT21),"",Termine!CT21) | G210: =IF(ISBLANK(Termine!CU21),"",Termine!CU21) -> Ast; 3xWIP; 3x ABB | H210: =IF(ISBLANK(Termine!CV21),"",Termine!CV21) -> mit sebastian ab 9 Uhr vor Ort
A211: =Termine!CN22 -> 46043 | B211: =IF(ISBLANK(Termine!CO22),"",Termine!CO22) -> Mittwoch | C211: =IF(ISBLANK(Termine!CP22),"",Termine!CP22) | D211: =IF(ISBLANK(Termine!CR22),"",Termine!CR22) | E211: =IF(ISBLANK(Termine!CS22),"",Termine!CS22) | F211: =IF(ISBLANK(Termine!CT22),"",Termine!CT22) | G211: =IF(ISBLANK(Termine!CU22),"",Termine!CU22) | H211: =IF(ISBLANK(Termine!CV22),"",Termine!CV22)
A212: =Termine!CN23 -> 46044 | B212: =IF(ISBLANK(Termine!CO23),"",Termine!CO23) -> Donnerstag | C212: =IF(ISBLANK(Termine!CP23),"",Termine!CP23) | D212: =IF(ISBLANK(Termine!CR23),"",Termine!CR23) | E212: =IF(ISBLANK(Termine!CS23),"",Termine!CS23) | F212: =IF(ISBLANK(Termine!CT23),"",Termine!CT23) | G212: =IF(ISBLANK(Termine!CU23),"",Termine!CU23) | H212: =IF(ISBLANK(Termine!CV23),"",Termine!CV23)
A213: =Termine!CN24 -> 46045 | B213: =IF(ISBLANK(Termine!CO24),"",Termine!CO24) -> Freitag | C213: =IF(ISBLANK(Termine!CP24),"",Termine!CP24) | D213: =IF(ISBLANK(Termine!CR24),"",Termine!CR24) | E213: =IF(ISBLANK(Termine!CS24),"",Termine!CS24) | F213: =IF(ISBLANK(Termine!CT24),"",Termine!CT24) | G213: =IF(ISBLANK(Termine!CU24),"",Termine!CU24) | H213: =IF(ISBLANK(Termine!CV24),"",Termine!CV24)
A214: =Termine!CN25 -> 46046 | B214: =IF(ISBLANK(Termine!CO25),"",Termine!CO25) -> Samstag | C214: =IF(ISBLANK(Termine!CP25),"",Termine!CP25) | D214: =IF(ISBLANK(Termine!CR25),"",Termine!CR25) | E214: =IF(ISBLANK(Termine!CS25),"",Termine!CS25) | F214: =IF(ISBLANK(Termine!CT25),"",Termine!CT25) | G214: =IF(ISBLANK(Termine!CU25),"",Termine!CU25) | H214: =IF(ISBLANK(Termine!CV25),"",Termine!CV25)
A215: =Termine!CN26 -> 46047 | B215: =IF(ISBLANK(Termine!CO26),"",Termine!CO26) -> Sonntag | C215: =IF(ISBLANK(Termine!CP26),"",Termine!CP26) | D215: =IF(ISBLANK(Termine!CR26),"",Termine!CR26) | E215: =IF(ISBLANK(Termine!CS26),"",Termine!CS26) | F215: =IF(ISBLANK(Termine!CT26),"",Termine!CT26) | G215: =IF(ISBLANK(Termine!CU26),"",Termine!CU26) | H215: =IF(ISBLANK(Termine!CV26),"",Termine!CV26)
A216: =Termine!CN27 -> 46048 | B216: =IF(ISBLANK(Termine!CO27),"",Termine!CO27) -> Montag | C216: =IF(ISBLANK(Termine!CP27),"",Termine!CP27) | D216: =IF(ISBLANK(Termine!CR27),"",Termine!CR27) | E216: =IF(ISBLANK(Termine!CS27),"",Termine!CS27) | F216: =IF(ISBLANK(Termine!CT27),"",Termine!CT27) | G216: =IF(ISBLANK(Termine!CU27),"",Termine!CU27) | H216: =IF(ISBLANK(Termine!CV27),"",Termine!CV27)
A217: =Termine!CN28 -> 46049 | B217: =IF(ISBLANK(Termine!CO28),"",Termine!CO28) -> Dienstag | C217: =IF(ISBLANK(Termine!CP28),"",Termine!CP28) | D217: =IF(ISBLANK(Termine!CR28),"",Termine!CR28) | E217: =IF(ISBLANK(Termine!CS28),"",Termine!CS28) | F217: =IF(ISBLANK(Termine!CT28),"",Termine!CT28) | G217: =IF(ISBLANK(Termine!CU28),"",Termine!CU28) | H217: =IF(ISBLANK(Termine!CV28),"",Termine!CV28)
... A257: =Termine!CN68 -> 46089 | B257: =IF(ISBLANK(Termine!CO68),"",Termine!CO68) -> Sonntag | C257: =IF(ISBLANK(Termine!CP68),"",Termine!CP68) | D257: =IF(ISBLANK(Termine!CR68),"",Termine!CR68) | E257: =IF(ISBLANK(Termine!CS68),"",Termine!CS68) | F257: =IF(ISBLANK(Termine!CT68),"",Termine!CT68) | G257: =IF(ISBLANK(Termine!CU68),"",Termine!CU68) | H257: =IF(ISBLANK(Termine!CV68),"",Termine!CV68)
A258: =Termine!CN69 -> 46090 | B258: =IF(ISBLANK(Termine!CO69),"",Termine!CO69) -> Montag | C258: =IF(ISBLANK(Termine!CQ70),"",Termine!CQ70) | D258: =IF(ISBLANK(Termine!CS70),"",Termine!CS70) | E258: =IF(ISBLANK(Termine!CT70),"",Termine!CT70) | F258: =IF(ISBLANK(Termine!CU70),"",Termine!CU70) | G258: =IF(ISBLANK(Termine!CV70),"",Termine!CV70) | H258: =IF(ISBLANK(Termine!CW70),"",Termine!CW70)
A259: =Termine!CN70 -> 46091 | B259: =IF(ISBLANK(Termine!CO70),"",Termine!CO70) -> Dienstag | C259: =IF(ISBLANK(Termine!CQ71),"",Termine!CQ71) | D259: =IF(ISBLANK(Termine!CS71),"",Termine!CS71) | E259: =IF(ISBLANK(Termine!CT71),"",Termine!CT71) | F259: =IF(ISBLANK(Termine!CU71),"",Termine!CU71) | G259: =IF(ISBLANK(Termine!CV71),"",Termine!CV71) | H259: =IF(ISBLANK(Termine!CW71),"",Termine!CW71)
A260: =Termine!CN71 -> 46092 | B260: =IF(ISBLANK(Termine!CO71),"",Termine!CO71) -> Mittwoch | C260: =IF(ISBLANK(Termine!CQ72),"",Termine!CQ72) | D260: =IF(ISBLANK(Termine!CS72),"",Termine!CS72) | E260: =IF(ISBLANK(Termine!CT72),"",Termine!CT72) | F260: =IF(ISBLANK(Termine!CU72),"",Termine!CU72) | G260: =IF(ISBLANK(Termine!CV72),"",Termine!CV72) | H260: =IF(ISBLANK(Termine!CW72),"",Termine!CW72)
A261: =Termine!CN72 -> 46093 | B261: =IF(ISBLANK(Termine!CO72),"",Termine!CO72) -> Donnerstag | C261: =IF(ISBLANK(Termine!CP72),"",Termine!CP72) -> Urlaub | D261: =IF(ISBLANK(Termine!CR72),"",Termine!CR72) | E261: =IF(ISBLANK(Termine!CS72),"",Termine!CS72) | F261: =IF(ISBLANK(Termine!CT72),"",Termine!CT72) | G261: =IF(ISBLANK(Termine!CU72),"",Termine!CU72) | H261: =IF(ISBLANK(Termine!CV72),"",Termine!CV72)
A262: =Termine!CN73 -> 46094 | B262: =IF(ISBLANK(Termine!CO73),"",Termine!CO73) -> Freitag | C262: =IF(ISBLANK(Termine!CP73),"",Termine!CP73) | D262: =IF(ISBLANK(Termine!CR73),"",Termine!CR73) | E262: =IF(ISBLANK(Termine!CS73),"",Termine!CS73) | F262: =IF(ISBLANK(Termine!CT73),"",Termine!CT73) | G262: =IF(ISBLANK(Termine!CU73),"",Termine!CU73) | H262: =IF(ISBLANK(Termine!CV73),"",Termine!CV73)
A263: =Termine!CN74 -> 46095 | B263: =IF(ISBLANK(Termine!CO74),"",Termine!CO74) -> Samstag | C263: =IF(ISBLANK(Termine!CP74),"",Termine!CP74) | D263: =IF(ISBLANK(Termine!CR74),"",Termine!CR74) | E263: =IF(ISBLANK(Termine!CS74),"",Termine!CS74) | F263: =IF(ISBLANK(Termine!CT74),"",Termine!CT74) | G263: =IF(ISBLANK(Termine!CU74),"",Termine!CU74) | H263: =IF(ISBLANK(Termine!CV74),"",Termine!CV74)
A264: =Termine!CN75 -> 46096 | B264: =IF(ISBLANK(Termine!CO75),"",Termine!CO75) -> Sonntag | C264: =IF(ISBLANK(Termine!CP75),"",Termine!CP75) | D264: =IF(ISBLANK(Termine!CR75),"",Termine!CR75) | E264: =IF(ISBLANK(Termine!CS75),"",Termine!CS75) | F264: =IF(ISBLANK(Termine!CT75),"",Termine!CT75) | G264: =IF(ISBLANK(Termine!CU75),"",Termine!CU75) | H264: =IF(ISBLANK(Termine!CV75),"",Termine!CV75)
A265: =Termine!CN76 -> 46097 | B265: =IF(ISBLANK(Termine!CO76),"",Termine!CO76) -> Montag | C265: =IF(ISBLANK(Termine!CP76),"",Termine!CP76) | D265: =IF(ISBLANK(Termine!CR76),"",Termine!CR76) | E265: =IF(ISBLANK(Termine!CS76),"",Termine!CS76) | F265: =IF(ISBLANK(Termine!CT76),"",Termine!CT76) | G265: =IF(ISBLANK(Termine!CU76),"",Termine!CU76) | H265: =IF(ISBLANK(Termine!CV76),"",Termine!CV76)
A266: =Termine!CN77 -> 46098 | B266: =IF(ISBLANK(Termine!CO77),"",Termine!CO77) -> Dienstag | C266: =IF(ISBLANK(Termine!CP77),"",Termine!CP77) | D266: =IF(ISBLANK(Termine!CR77),"",Termine!CR77) | E266: =IF(ISBLANK(Termine!CS77),"",Termine!CS77) | F266: =IF(ISBLANK(Termine!CT77),"",Termine!CT77) | G266: =IF(ISBLANK(Termine!CU77),"",Termine!CU77) | H266: =IF(ISBLANK(Termine!CV77),"",Termine!CV77)
A267: =Termine!CN78 -> 46099 | B267: =IF(ISBLANK(Termine!CO78),"",Termine!CO78) -> Mittwoch | C267: =IF(ISBLANK(Termine!CP78),"",Termine!CP78) | D267: =IF(ISBLANK(Termine!CR78),"",Termine!CR78) | E267: =IF(ISBLANK(Termine!CS78),"",Termine!CS78) | F267: =IF(ISBLANK(Termine!CT78),"",Termine!CT78) | G267: =IF(ISBLANK(Termine!CU78),"",Termine!CU78) | H267: =IF(ISBLANK(Termine!CV78),"",Termine!CV78)
A268: =Termine!CN79 -> 46100 | B268: =IF(ISBLANK(Termine!CO79),"",Termine!CO79) -> Donnerstag | C268: =IF(ISBLANK(Termine!CP79),"",Termine!CP79) -> P-26-36 | D268: =IF(ISBLANK(Termine!CR79),"",Termine!CR79) -> Jagel | E268: =IF(ISBLANK(Termine!CS79),"",Termine!CS79) -> 24878 Jagel, Selker Weg - 54.461455, 9.556995 | F268: =IF(ISBLANK(Termine!CT79),"",Termine!CT79) -> die Baustelle ist besetzt – Günther Nordmann 01703425704 | G268: =IF(ISBLANK(Termine!CU79),"",Termine!CU79) | H268: =IF(ISBLANK(Termine!CV79),"",Termine!CV79) -> EZE Prüfungen; UMZ nur Auslösung
A269: =Termine!CN80 -> 46101 | B269: =IF(ISBLANK(Termine!CO80),"",Termine!CO80) -> Freitag | C269: =IF(ISBLANK(Termine!CP80),"",Termine!CP80) | D269: =IF(ISBLANK(Termine!CR80),"",Termine!CR80) | E269: =IF(ISBLANK(Termine!CS80),"",Termine!CS80) | F269: =IF(ISBLANK(Termine!CT80),"",Termine!CT80) | G269: =IF(ISBLANK(Termine!CU80),"",Termine!CU80) | H269: =IF(ISBLANK(Termine!CV80),"",Termine!CV80)
A270: =Termine!CN81 -> 46102 | B270: =IF(ISBLANK(Termine!CO81),"",Termine!CO81) -> Samstag | C270: =IF(ISBLANK(Termine!CP81),"",Termine!CP81) | D270: =IF(ISBLANK(Termine!CR81),"",Termine!CR81) | E270: =IF(ISBLANK(Termine!CS81),"",Termine!CS81) | F270: =IF(ISBLANK(Termine!CT81),"",Termine!CT81) | G270: =IF(ISBLANK(Termine!CU81),"",Termine!CU81) | H270: =IF(ISBLANK(Termine!CV81),"",Termine!CV81)
A271: =Termine!CN82 -> 46103 | B271: =IF(ISBLANK(Termine!CO82),"",Termine!CO82) -> Sonntag | C271: =IF(ISBLANK(Termine!CP82),"",Termine!CP82) | D271: =IF(ISBLANK(Termine!CR82),"",Termine!CR82) | E271: =IF(ISBLANK(Termine!CS82),"",Termine!CS82) | F271: =IF(ISBLANK(Termine!CT82),"",Termine!CT82) | G271: =IF(ISBLANK(Termine!CU82),"",Termine!CU82) | H271: =IF(ISBLANK(Termine!CV82),"",Termine!CV82)
A272: =Termine!CN83 -> 46104 | B272: =IF(ISBLANK(Termine!CO83),"",Termine!CO83) -> Montag | C272: =IF(ISBLANK(Termine!CP83),"",Termine!CP83) -> Arzttermin | D272: =IF(ISBLANK(Termine!CR83),"",Termine!CR83) | E272: =IF(ISBLANK(Termine!CS83),"",Termine!CS83) | F272: =IF(ISBLANK(Termine!CT83),"",Termine!CT83) | G272: =IF(ISBLANK(Termine!CU83),"",Termine!CU83) | H272: =IF(ISBLANK(Termine!CV83),"",Termine!CV83)
... A1586: =Termine!CN1397 -> 0 | B1586: =IF(ISBLANK(Termine!CO1397),"",Termine!CO1397) | C1586: =IF(ISBLANK(Termine!CP1397),"",Termine!CP1397) | D1586: =IF(ISBLANK(Termine!CR1397),"",Termine!CR1397) | E1586: =IF(ISBLANK(Termine!CS1397),"",Termine!CS1397) | F1586: =IF(ISBLANK(Termine!CT1397),"",Termine!CT1397) | G1586: =IF(ISBLANK(Termine!CU1397),"",Termine!CU1397) | H1586: =IF(ISBLANK(Termine!CV1397),"",Termine!CV1397)

Sheet Finn
A1: =IF(ISBLANK(Termine!AU1),"",Termine!AU1) -> Datum | B1: =IF(ISBLANK(Termine!AV1),"",Termine!AV1) -> Wochentag | C1: =IF(ISBLANK(Termine!AW1),"",Termine!AW1) -> Finn Kolzer | D1: =IF(ISBLANK(Termine!AY1),"",Termine!AY1) -> Projekt5 | E1: =IF(ISBLANK(Termine!AZ1),"",Termine!AZ1) -> Adresse | F1: =IF(ISBLANK(Termine!BA1),"",Termine!BA1) -> Ansprechpartner | G1: =IF(ISBLANK(Termine!BB1),"",Termine!BB1) -> Auftrag | H1: =IF(ISBLANK(Termine!BC1),"",Termine!BC1) -> Bemerkungen
A2: =termine!#ref! -> #NAME? | B2: =IF(ISBLANK(termine!#ref!),"",termine!#ref!) -> #NAME? | C2: =IF(ISBLANK(termine!#ref!),"",termine!#ref!) -> #NAME? | D2: =IF(ISBLANK(termine!#ref!),"",termine!#ref!) -> #NAME? | E2: =IF(ISBLANK(termine!#ref!),"",termine!#ref!) -> #NAME? | F2: =IF(ISBLANK(termine!#ref!),"",termine!#ref!) -> #NAME? | G2: =IF(ISBLANK(termine!#ref!),"",termine!#ref!) -> #NAME? | H2: =IF(ISBLANK(termine!#ref!),"",termine!#ref!) -> #NAME?
A3: =termine!#ref! -> #NAME? | B3: =IF(ISBLANK(termine!#ref!),"",termine!#ref!) -> #NAME? | C3: =IF(ISBLANK(termine!#ref!),"",termine!#ref!) -> #NAME? | D3: =IF(ISBLANK(termine!#ref!),"",termine!#ref!) -> #NAME? | E3: =IF(ISBLANK(termine!#ref!),"",termine!#ref!) -> #NAME? | F3: =IF(ISBLANK(termine!#ref!),"",termine!#ref!) -> #NAME? | G3: =IF(ISBLANK(termine!#ref!),"",termine!#ref!) -> #NAME? | H3: =IF(ISBLANK(termine!#ref!),"",termine!#ref!) -> #NAME?
A4: =termine!#ref! -> #NAME? | B4: =IF(ISBLANK(termine!#ref!),"",termine!#ref!) -> #NAME? | C4: =IF(ISBLANK(termine!#ref!),"",termine!#ref!) -> #NAME? | D4: =IF(ISBLANK(termine!#ref!),"",termine!#ref!) -> #NAME? | E4: =IF(ISBLANK(termine!#ref!),"",termine!#ref!) -> #NAME? | F4: =IF(ISBLANK(termine!#ref!),"",termine!#ref!) -> #NAME? | G4: =IF(ISBLANK(termine!#ref!),"",termine!#ref!) -> #NAME? | H4: =IF(ISBLANK(termine!#ref!),"",termine!#ref!) -> #NAME?
A5: =termine!#ref! -> #NAME? | B5: =IF(ISBLANK(termine!#ref!),"",termine!#ref!) -> #NAME? | C5: =IF(ISBLANK(termine!#ref!),"",termine!#ref!) -> #NAME? | D5: =IF(ISBLANK(termine!#ref!),"",termine!#ref!) -> #NAME? | E5: =IF(ISBLANK(termine!#ref!),"",termine!#ref!) -> #NAME? | F5: =IF(ISBLANK(termine!#ref!),"",termine!#ref!) -> #NAME? | G5: =IF(ISBLANK(termine!#ref!),"",termine!#ref!) -> #NAME? | H5: =IF(ISBLANK(termine!#ref!),"",termine!#ref!) -> #NAME?
A6: =termine!#ref! -> #NAME? | B6: =IF(ISBLANK(termine!#ref!),"",termine!#ref!) -> #NAME? | C6: =IF(ISBLANK(termine!#ref!),"",termine!#ref!) -> #NAME? | D6: =IF(ISBLANK(termine!#ref!),"",termine!#ref!) -> #NAME? | E6: =IF(ISBLANK(termine!#ref!),"",termine!#ref!) -> #NAME? | F6: =IF(ISBLANK(termine!#ref!),"",termine!#ref!) -> #NAME? | G6: =IF(ISBLANK(termine!#ref!),"",termine!#ref!) -> #NAME? | H6: =IF(ISBLANK(termine!#ref!),"",termine!#ref!) -> #NAME?
A7: =termine!#ref! -> #NAME? | B7: =IF(ISBLANK(termine!#ref!),"",termine!#ref!) -> #NAME? | C7: =IF(ISBLANK(termine!#ref!),"",termine!#ref!) -> #NAME? | D7: =IF(ISBLANK(termine!#ref!),"",termine!#ref!) -> #NAME? | E7: =IF(ISBLANK(termine!#ref!),"",termine!#ref!) -> #NAME? | F7: =IF(ISBLANK(termine!#ref!),"",termine!#ref!) -> #NAME? | G7: =IF(ISBLANK(termine!#ref!),"",termine!#ref!) -> #NAME? | H7: =IF(ISBLANK(termine!#ref!),"",termine!#ref!) -> #NAME?
A8: =termine!#ref! -> #NAME? | B8: =IF(ISBLANK(termine!#ref!),"",termine!#ref!) -> #NAME? | C8: =IF(ISBLANK(termine!#ref!),"",termine!#ref!) -> #NAME? | D8: =IF(ISBLANK(termine!#ref!),"",termine!#ref!) -> #NAME? | E8: =IF(ISBLANK(termine!#ref!),"",termine!#ref!) -> #NAME? | F8: =IF(ISBLANK(termine!#ref!),"",termine!#ref!) -> #NAME? | G8: =IF(ISBLANK(termine!#ref!),"",termine!#ref!) -> #NAME? | H8: =IF(ISBLANK(termine!#ref!),"",termine!#ref!) -> #NAME?
A9: =termine!#ref! -> #NAME? | B9: =IF(ISBLANK(termine!#ref!),"",termine!#ref!) -> #NAME? | C9: =IF(ISBLANK(termine!#ref!),"",termine!#ref!) -> #NAME? | D9: =IF(ISBLANK(termine!#ref!),"",termine!#ref!) -> #NAME? | E9: =IF(ISBLANK(termine!#ref!),"",termine!#ref!) -> #NAME? | F9: =IF(ISBLANK(termine!#ref!),"",termine!#ref!) -> #NAME? | G9: =IF(ISBLANK(termine!#ref!),"",termine!#ref!) -> #NAME? | H9: =IF(ISBLANK(termine!#ref!),"",termine!#ref!) -> #NAME?
A10: =termine!#ref! -> #NAME? | B10: =IF(ISBLANK(termine!#ref!),"",termine!#ref!) -> #NAME? | C10: =IF(ISBLANK(termine!#ref!),"",termine!#ref!) -> #NAME? | D10: =IF(ISBLANK(termine!#ref!),"",termine!#ref!) -> #NAME? | E10: =IF(ISBLANK(termine!#ref!),"",termine!#ref!) -> #NAME? | F10: =IF(ISBLANK(termine!#ref!),"",termine!#ref!) -> #NAME? | G10: =IF(ISBLANK(termine!#ref!),"",termine!#ref!) -> #NAME? | H10: =IF(ISBLANK(termine!#ref!),"",termine!#ref!) -> #NAME?
A11: =termine!#ref! -> #NAME? | B11: =IF(ISBLANK(termine!#ref!),"",termine!#ref!) -> #NAME? | C11: =IF(ISBLANK(termine!#ref!),"",termine!#ref!) -> #NAME? | D11: =IF(ISBLANK(termine!#ref!),"",termine!#ref!) -> #NAME? | E11: =IF(ISBLANK(termine!#ref!),"",termine!#ref!) -> #NAME? | F11: =IF(ISBLANK(termine!#ref!),"",termine!#ref!) -> #NAME? | G11: =IF(ISBLANK(termine!#ref!),"",termine!#ref!) -> #NAME? | H11: =IF(ISBLANK(termine!#ref!),"",termine!#ref!) -> #NAME?
A12: =termine!#ref! -> #NAME? | B12: =IF(ISBLANK(termine!#ref!),"",termine!#ref!) -> #NAME? | C12: =IF(ISBLANK(termine!#ref!),"",termine!#ref!) -> #NAME? | D12: =IF(ISBLANK(termine!#ref!),"",termine!#ref!) -> #NAME? | E12: =IF(ISBLANK(termine!#ref!),"",termine!#ref!) -> #NAME? | F12: =IF(ISBLANK(termine!#ref!),"",termine!#ref!) -> #NAME? | G12: =IF(ISBLANK(termine!#ref!),"",termine!#ref!) -> #NAME? | H12: =IF(ISBLANK(termine!#ref!),"",termine!#ref!) -> #NAME?
A13: =termine!#ref! -> #NAME? | B13: =IF(ISBLANK(termine!#ref!),"",termine!#ref!) -> #NAME? | C13: =IF(ISBLANK(termine!#ref!),"",termine!#ref!) -> #NAME? | D13: =IF(ISBLANK(termine!#ref!),"",termine!#ref!) -> #NAME? | E13: =IF(ISBLANK(termine!#ref!),"",termine!#ref!) -> #NAME? | F13: =IF(ISBLANK(termine!#ref!),"",termine!#ref!) -> #NAME? | G13: =IF(ISBLANK(termine!#ref!),"",termine!#ref!) -> #NAME? | H13: =IF(ISBLANK(termine!#ref!),"",termine!#ref!) -> #NAME?
... A190: =termine!#ref! -> #NAME? | B190: =IF(ISBLANK(termine!#ref!),"",termine!#ref!) -> #NAME? | C190: =IF(ISBLANK(termine!#ref!),"",termine!#ref!) -> #NAME? | D190: =IF(ISBLANK(termine!#ref!),"",termine!#ref!) -> #NAME? | E190: =IF(ISBLANK(termine!#ref!),"",termine!#ref!) -> #NAME? | F190: =IF(ISBLANK(termine!#ref!),"",termine!#ref!) -> #NAME? | G190: =IF(ISBLANK(termine!#ref!),"",termine!#ref!) -> #NAME? | H190: =IF(ISBLANK(termine!#ref!),"",termine!#ref!) -> #NAME?
A191: =Termine!AU2 -> 46023 | B191: =IF(ISBLANK(Termine!AV2),"",Termine!AV2) -> Donnerstag | C191: =IF(ISBLANK(Termine!AW2),"",Termine!AW2) -> Feiertag | D191: =IF(ISBLANK(Termine!AY2),"",Termine!AY2) | E191: =IF(ISBLANK(Termine!AZ2),"",Termine!AZ2) | F191: =IF(ISBLANK(Termine!BA2),"",Termine!BA2) | G191: =IF(ISBLANK(Termine!BB2),"",Termine!BB2) | H191: =IF(ISBLANK(Termine!BC2),"",Termine!BC2)
A192: =Termine!AU3 -> 46024 | B192: =IF(ISBLANK(Termine!AV3),"",Termine!AV3) -> Freitag | C192: =IF(ISBLANK(Termine!AW3),"",Termine!AW3) -> frei | D192: =IF(ISBLANK(Termine!AY3),"",Termine!AY3) | E192: =IF(ISBLANK(Termine!AZ3),"",Termine!AZ3) | F192: =IF(ISBLANK(Termine!BA3),"",Termine!BA3) | G192: =IF(ISBLANK(Termine!BB3),"",Termine!BB3) | H192: =IF(ISBLANK(Termine!BC3),"",Termine!BC3)
A193: =Termine!AU4 -> 46025 | B193: =IF(ISBLANK(Termine!AV4),"",Termine!AV4) -> Samstag | C193: =IF(ISBLANK(Termine!AW4),"",Termine!AW4) | D193: =IF(ISBLANK(Termine!AY4),"",Termine!AY4) | E193: =IF(ISBLANK(Termine!AZ4),"",Termine!AZ4) | F193: =IF(ISBLANK(Termine!BA4),"",Termine!BA4) | G193: =IF(ISBLANK(Termine!BB4),"",Termine!BB4) | H193: =IF(ISBLANK(Termine!BC4),"",Termine!BC4)
A194: =Termine!AU5 -> 46026 | B194: =IF(ISBLANK(Termine!AV5),"",Termine!AV5) -> Sonntag | C194: =IF(ISBLANK(Termine!AW5),"",Termine!AW5) | D194: =IF(ISBLANK(Termine!AY5),"",Termine!AY5) | E194: =IF(ISBLANK(Termine!AZ5),"",Termine!AZ5) | F194: =IF(ISBLANK(Termine!BA5),"",Termine!BA5) | G194: =IF(ISBLANK(Termine!BB5),"",Termine!BB5) | H194: =IF(ISBLANK(Termine!BC5),"",Termine!BC5)
A195: =Termine!AU6 -> 46027 | B195: =IF(ISBLANK(Termine!AV6),"",Termine!AV6) -> Montag | C195: =IF(ISBLANK(Termine!AW6),"",Termine!AW6) -> frei | D195: =IF(ISBLANK(Termine!AY6),"",Termine!AY6) | E195: =IF(ISBLANK(Termine!AZ6),"",Termine!AZ6) | F195: =IF(ISBLANK(Termine!BA6),"",Termine!BA6) | G195: =IF(ISBLANK(Termine!BB6),"",Termine!BB6) | H195: =IF(ISBLANK(Termine!BC6),"",Termine!BC6)
A196: =Termine!AU7 -> 46028 | B196: =IF(ISBLANK(Termine!AV7),"",Termine!AV7) -> Dienstag | C196: =IF(ISBLANK(Termine!AW7),"",Termine!AW7) -> Feiertag | D196: =IF(ISBLANK(Termine!AY7),"",Termine!AY7) | E196: =IF(ISBLANK(Termine!AZ7),"",Termine!AZ7) | F196: =IF(ISBLANK(Termine!BA7),"",Termine!BA7) | G196: =IF(ISBLANK(Termine!BB7),"",Termine!BB7) | H196: =IF(ISBLANK(Termine!BC7),"",Termine!BC7)
A197: =Termine!AU8 -> 46029 | B197: =IF(ISBLANK(Termine!AV8),"",Termine!AV8) -> Mittwoch | C197: =IF(ISBLANK(Termine!AW8),"",Termine!AW8) | D197: =IF(ISBLANK(Termine!AY8),"",Termine!AY8) -> Schönemark | E197: =IF(ISBLANK(Termine!AZ8),"",Termine!AZ8) -> TST: 53°00'33.2"N 13°06'52.2"E ÜST: 53°00'33.2"N 13°06'52.2"E | F197: =IF(ISBLANK(Termine!BA8),"",Termine!BA8) -> Schönermarkt Agrar GmbH Sonneberg 03306-2266 | G197: =IF(ISBLANK(Termine!BB8),"",Termine!BB8) -> Wieder- Holungsprüfung Securenergy | H197: =IF(ISBLANK(Termine!BC8),"",Termine!BC8) -> Angemeldet, ankunft ab 9 Uhr ABB Siemens
A198: =Termine!AU9 -> 46030 | B198: =IF(ISBLANK(Termine!AV9),"",Termine!AV9) -> Donnerstag | C198: =IF(ISBLANK(Termine!AW9),"",Termine!AW9) | D198: =IF(ISBLANK(Termine!AY9),"",Termine!AY9) -> Meseberg I + II | E198: =IF(ISBLANK(Termine!AZ9),"",Termine!AZ9) -> Meseberg I TST: 52°58'09.6"N 13°06'33.9"E Messeberg II TST: 52°58'12.8"N 13°06'10.3"E ÜST: 52°58'14.1"N 13°06'12.8"E | F198: =IF(ISBLANK(Termine!BA9),"",Termine!BA9) -> Landwirtschafts GmbH Meseberg 03306-21824 Vor Ort Herr Winter 0152 22450689 | G198: =IF(ISBLANK(Termine!BB9),"",Termine!BB9) -> Wieder- Holungsprüfung Securenergy | H198: =IF(ISBLANK(Termine!BC9),"",Termine!BC9) -> Angemeldet, Gelände ist von 7 bis 16 Uhr offen, falls man es in der Zeit nicht schafft mit Herrn Winterspechen ABB Siemens
A199: =Termine!AU10 -> 46031 | B199: =IF(ISBLANK(Termine!AV10),"",Termine!AV10) -> Freitag | C199: =IF(ISBLANK(Termine!AW10),"",Termine!AW10) | D199: =IF(ISBLANK(Termine!AY10),"",Termine!AY10) | E199: =IF(ISBLANK(Termine!AZ10),"",Termine!AZ10) | F199: =IF(ISBLANK(Termine!BA10),"",Termine!BA10) | G199: =IF(ISBLANK(Termine!BB10),"",Termine!BB10) | H199: =IF(ISBLANK(Termine!BC10),"",Termine!BC10)
A200: =Termine!AU11 -> 46032 | B200: =IF(ISBLANK(Termine!AV11),"",Termine!AV11) -> Samstag | C200: =IF(ISBLANK(Termine!AW11),"",Termine!AW11) | D200: =IF(ISBLANK(Termine!AY11),"",Termine!AY11) | E200: =IF(ISBLANK(Termine!AZ11),"",Termine!AZ11) | F200: =IF(ISBLANK(Termine!BA11),"",Termine!BA11) | G200: =IF(ISBLANK(Termine!BB11),"",Termine!BB11) | H200: =IF(ISBLANK(Termine!BC11),"",Termine!BC11)
A201: =Termine!AU12 -> 46033 | B201: =IF(ISBLANK(Termine!AV12),"",Termine!AV12) -> Sonntag | C201: =IF(ISBLANK(Termine!AW12),"",Termine!AW12) | D201: =IF(ISBLANK(Termine!AY12),"",Termine!AY12) | E201: =IF(ISBLANK(Termine!AZ12),"",Termine!AZ12) | F201: =IF(ISBLANK(Termine!BA12),"",Termine!BA12) | G201: =IF(ISBLANK(Termine!BB12),"",Termine!BB12) | H201: =IF(ISBLANK(Termine!BC12),"",Termine!BC12)
A202: =Termine!AU13 -> 46034 | B202: =IF(ISBLANK(Termine!AV13),"",Termine!AV13) -> Montag | C202: =IF(ISBLANK(Termine!AW13),"",Termine!AW13) | D202: =IF(ISBLANK(Termine!AY13),"",Termine!AY13) -> Mark Kohlberg | E202: =IF(ISBLANK(Termine!AZ13),"",Termine!AZ13) -> Ecorus | F202: =IF(ISBLANK(Termine!BA13),"",Termine!BA13) -> Anpassung UMZ | G202: =IF(ISBLANK(Termine!BB13),"",Termine!BB13) -> Unter 2025-2 Kohlberg bei Faber (erledigt) zu finden; SEW -> heißt hier der E9 | H202: =IF(ISBLANK(Termine!BC13),"",Termine!BC13) -> fertige Faber Station,nur UMZ anpassen und nachprüfen; Zugang zur Not per Schraubenzieher
... A229: =Termine!AU40 -> 46061 | B229: =IF(ISBLANK(Termine!AV40),"",Termine!AV40) -> Sonntag | C229: =IF(ISBLANK(Termine!AW40),"",Termine!AW40) | D229: =IF(ISBLANK(Termine!AY40),"",Termine!AY40) | E229: =IF(ISBLANK(Termine!AZ40),"",Termine!AZ40) | F229: =IF(ISBLANK(Termine!BA40),"",Termine!BA40) | G229: =IF(ISBLANK(Termine!BB40),"",Termine!BB40) | H229: =IF(ISBLANK(Termine!BC40),"",Termine!BC40)
A230: =Termine!AU41 -> 46062 | B230: =IF(ISBLANK(Termine!AV41),"",Termine!AV41) -> Montag | C230: krank | D230: =IF(ISBLANK(Termine!AY41),"",Termine!AY41) | E230: =IF(ISBLANK(Termine!AZ41),"",Termine!AZ41) | F230: =IF(ISBLANK(Termine!BA41),"",Termine!BA41) | G230: =IF(ISBLANK(Termine!BB41),"",Termine!BB41) | H230: =IF(ISBLANK(Termine!BC41),"",Termine!BC41)
A231: =Termine!AU42 -> 46063 | B231: =IF(ISBLANK(Termine!AV42),"",Termine!AV42) -> Dienstag | C231: =IF(ISBLANK(Termine!AW41),"",Termine!AW41) -> krank | D231: =IF(ISBLANK(Termine!AY42),"",Termine!AY42) | E231: =IF(ISBLANK(Termine!AZ42),"",Termine!AZ42) | F231: =IF(ISBLANK(Termine!BA42),"",Termine!BA42) | G231: =IF(ISBLANK(Termine!BB42),"",Termine!BB42) | H231: =IF(ISBLANK(Termine!BC42),"",Termine!BC42)
A232: =Termine!AU43 -> 46064 | B232: =IF(ISBLANK(Termine!AV43),"",Termine!AV43) -> Mittwoch | C232: =IF(ISBLANK(Termine!AW43),"",Termine!AW43) -> krank | D232: =IF(ISBLANK(Termine!AY43),"",Termine!AY43) | E232: =IF(ISBLANK(Termine!AZ43),"",Termine!AZ43) | F232: =IF(ISBLANK(Termine!BA43),"",Termine!BA43) | G232: =IF(ISBLANK(Termine!BB43),"",Termine!BB43) | H232: =IF(ISBLANK(Termine!BC43),"",Termine!BC43)
A233: =Termine!AU44 -> 46065 | B233: =IF(ISBLANK(Termine!AV44),"",Termine!AV44) -> Donnerstag | C233: =IF(ISBLANK(Termine!AW44),"",Termine!AW44) -> krank | D233: =IF(ISBLANK(Termine!AY44),"",Termine!AY44) | E233: =IF(ISBLANK(Termine!AZ44),"",Termine!AZ44) | F233: =IF(ISBLANK(Termine!BA44),"",Termine!BA44) | G233: =IF(ISBLANK(Termine!BB44),"",Termine!BB44) | H233: =IF(ISBLANK(Termine!BC44),"",Termine!BC44)
A234: =Termine!AU45 -> 46066 | B234: =IF(ISBLANK(Termine!AV45),"",Termine!AV45) -> Freitag | C234: =IF(ISBLANK(Termine!AW45),"",Termine!AW45) -> krank | D234: =IF(ISBLANK(Termine!AY45),"",Termine!AY45) | E234: =IF(ISBLANK(Termine!AZ45),"",Termine!AZ45) | F234: =IF(ISBLANK(Termine!BA45),"",Termine!BA45) | G234: =IF(ISBLANK(Termine!BB45),"",Termine!BB45) | H234: =IF(ISBLANK(Termine!BC45),"",Termine!BC45)
A235: =Termine!AU46 -> 46067 | B235: =IF(ISBLANK(Termine!AV46),"",Termine!AV46) -> Samstag | C235: =IF(ISBLANK(Termine!AW46),"",Termine!AW46) | D235: =IF(ISBLANK(Termine!AY46),"",Termine!AY46) | E235: =IF(ISBLANK(Termine!AZ46),"",Termine!AZ46) | F235: =IF(ISBLANK(Termine!BA46),"",Termine!BA46) | G235: =IF(ISBLANK(Termine!BB46),"",Termine!BB46) | H235: =IF(ISBLANK(Termine!BC46),"",Termine!BC46)
A236: =Termine!AU47 -> 46068 | B236: =IF(ISBLANK(Termine!AV47),"",Termine!AV47) -> Sonntag | C236: =IF(ISBLANK(Termine!AW47),"",Termine!AW47) | D236: =IF(ISBLANK(Termine!AY47),"",Termine!AY47) | E236: =IF(ISBLANK(Termine!AZ47),"",Termine!AZ47) | F236: =IF(ISBLANK(Termine!BA47),"",Termine!BA47) | G236: =IF(ISBLANK(Termine!BB47),"",Termine!BB47) | H236: =IF(ISBLANK(Termine!BC47),"",Termine!BC47)
A237: =Termine!AU48 -> 46069 | B237: =IF(ISBLANK(Termine!AV48),"",Termine!AV48) -> Montag | C237: =IF(ISBLANK(Termine!AW48),"",Termine!AW48) -> Urlaub | D237: =IF(ISBLANK(Termine!AY48),"",Termine!AY48) | E237: =IF(ISBLANK(Termine!AZ48),"",Termine!AZ48) | F237: =IF(ISBLANK(Termine!BA48),"",Termine!BA48) | G237: =IF(ISBLANK(Termine!BB48),"",Termine!BB48) | H237: =IF(ISBLANK(Termine!BC48),"",Termine!BC48)
A238: =Termine!AU49 -> 46070 | B238: =IF(ISBLANK(Termine!AV49),"",Termine!AV49) -> Dienstag | C238: =IF(ISBLANK(Termine!AW49),"",Termine!AW49) -> Urlaub | D238: =IF(ISBLANK(Termine!AY49),"",Termine!AY49) | E238: =IF(ISBLANK(Termine!AZ49),"",Termine!AZ49) | F238: =IF(ISBLANK(Termine!BA49),"",Termine!BA49) | G238: =IF(ISBLANK(Termine!BB49),"",Termine!BB49) | H238: =IF(ISBLANK(Termine!BC49),"",Termine!BC49)
A239: =Termine!AU50 -> 46071 | B239: =IF(ISBLANK(Termine!AV50),"",Termine!AV50) -> Mittwoch | C239: =IF(ISBLANK(Termine!AW50),"",Termine!AW50) -> Urlaub | D239: =IF(ISBLANK(Termine!AY50),"",Termine!AY50) | E239: =IF(ISBLANK(Termine!AZ50),"",Termine!AZ50) | F239: =IF(ISBLANK(Termine!BA50),"",Termine!BA50) | G239: =IF(ISBLANK(Termine!BB50),"",Termine!BB50) | H239: =IF(ISBLANK(Termine!BC50),"",Termine!BC50)
A240: =Termine!AU51 -> 46072 | B240: =IF(ISBLANK(Termine!AV51),"",Termine!AV51) -> Donnerstag | C240: =IF(ISBLANK(Termine!AW51),"",Termine!AW51) -> Urlaub | D240: =IF(ISBLANK(Termine!AY51),"",Termine!AY51) | E240: =IF(ISBLANK(Termine!AZ51),"",Termine!AZ51) | F240: =IF(ISBLANK(Termine!BA51),"",Termine!BA51) | G240: =IF(ISBLANK(Termine!BB51),"",Termine!BB51) | H240: =IF(ISBLANK(Termine!BC51),"",Termine!BC51)
A241: =Termine!AU52 -> 46073 | B241: =IF(ISBLANK(Termine!AV52),"",Termine!AV52) -> Freitag | C241: =IF(ISBLANK(Termine!AW52),"",Termine!AW52) -> Urlaub | D241: =IF(ISBLANK(Termine!AY52),"",Termine!AY52) | E241: =IF(ISBLANK(Termine!AZ52),"",Termine!AZ52) | F241: =IF(ISBLANK(Termine!BA52),"",Termine!BA52) | G241: =IF(ISBLANK(Termine!BB52),"",Termine!BB52) | H241: =IF(ISBLANK(Termine!BC52),"",Termine!BC52)
A242: =Termine!AU53 -> 46074 | B242: =IF(ISBLANK(Termine!AV53),"",Termine!AV53) -> Samstag | C242: =IF(ISBLANK(Termine!AW53),"",Termine!AW53) | D242: =IF(ISBLANK(Termine!AY53),"",Termine!AY53) | E242: =IF(ISBLANK(Termine!AZ53),"",Termine!AZ53) | F242: =IF(ISBLANK(Termine!BA53),"",Termine!BA53) | G242: =IF(ISBLANK(Termine!BB53),"",Termine!BB53) | H242: =IF(ISBLANK(Termine!BC53),"",Termine!BC53)
A243: =Termine!AU54 -> 46075 | B243: =IF(ISBLANK(Termine!AV54),"",Termine!AV54) -> Sonntag | C243: =IF(ISBLANK(Termine!AW54),"",Termine!AW54) | D243: =IF(ISBLANK(Termine!AY54),"",Termine!AY54) | E243: =IF(ISBLANK(Termine!AZ54),"",Termine!AZ54) | F243: =IF(ISBLANK(Termine!BA54),"",Termine!BA54) | G243: =IF(ISBLANK(Termine!BB54),"",Termine!BB54) | H243: =IF(ISBLANK(Termine!BC54),"",Termine!BC54)
... A356: =Termine!AU167 -> 46188 | B356: =IF(ISBLANK(Termine!AV167),"",Termine!AV167) -> Montag | C356: =IF(ISBLANK(Termine!AW167),"",Termine!AW167) | D356: =IF(ISBLANK(Termine!AY167),"",Termine!AY167) -> Munster Alvern (ÜST) | E356: =IF(ISBLANK(Termine!AZ167),"",Termine!AZ167) -> 29663 Munster, Alvern 12 | F356: =IF(ISBLANK(Termine!BA167),"",Termine!BA167) | G356: =IF(ISBLANK(Termine!BB167),"",Termine!BB167) -> Schutz Stuke F3 | H356: =IF(ISBLANK(Termine!BC167),"",Termine!BC167)
A357: =Termine!AU168 -> 46189 | B357: =IF(ISBLANK(Termine!AV168),"",Termine!AV168) -> Dienstag | C357: =IF(ISBLANK(Termine!AW168),"",Termine!AW168) | D357: =IF(ISBLANK(Termine!AY168),"",Termine!AY168) -> Kiel Seehafen | E357: =IF(ISBLANK(Termine!AZ168),"",Termine!AZ168) -> 24149 Kiel, Ostuferhafen | F357: =IF(ISBLANK(Termine!BA168),"",Termine!BA168) | G357: =IF(ISBLANK(Termine!BB168),"",Termine!BB168) -> Schutz und Vor Bit Test | H357: =IF(ISBLANK(Termine!BC169),"",Termine!BC169) -> Schutzrelais einstellen und prüfen in J02 und J04,
A358: =Termine!AU169 -> 46190 | B358: =IF(ISBLANK(Termine!AV169),"",Termine!AV169) -> Mittwoch | C358: =IF(ISBLANK(Termine!AW169),"",Termine!AW169) | D358: =IF(ISBLANK(Termine!AY169),"",Termine!AY169) -> Eichenhof | E358: =IF(ISBLANK(Termine!AZ169),"",Termine!AZ169) -> 24980 Hörup, Neu Hörup 2 | F358: =IF(ISBLANK(Termine!BA169),"",Termine!BA169) | G358: =IF(ISBLANK(Termine!BB169),"",Termine!BB169) -> Laptop mit DIGSI 4 und Support von Kevin | H358: =IF(ISBLANK(termine!#ref!),"",termine!#ref!) -> #NAME?
A359: =Termine!AU170 -> 46191 | B359: =IF(ISBLANK(Termine!AV170),"",Termine!AV170) -> Donnerstag | C359: =IF(ISBLANK(Termine!AW170),"",Termine!AW170) | D359: =IF(ISBLANK(Termine!AY170),"",Termine!AY170) | E359: =IF(ISBLANK(Termine!AZ170),"",Termine!AZ170) | F359: =IF(ISBLANK(Termine!BA170),"",Termine!BA170) | G359: =IF(ISBLANK(Termine!BB170),"",Termine!BB170) | H359: =IF(ISBLANK(Termine!BC170),"",Termine!BC170)
A360: =Termine!AU171 -> 46192 | B360: =IF(ISBLANK(Termine!AV171),"",Termine!AV171) -> Freitag | C360: =IF(ISBLANK(Termine!AW171),"",Termine!AW171) | D360: =IF(ISBLANK(Termine!AY171),"",Termine!AY171) | E360: =IF(ISBLANK(Termine!AZ171),"",Termine!AZ171) | F360: =IF(ISBLANK(Termine!BA171),"",Termine!BA171) | G360: =IF(ISBLANK(Termine!BB171),"",Termine!BB171) | H360: =IF(ISBLANK(Termine!BC171),"",Termine!BC171)
A361: =Termine!AU172 -> 46193 | B361: =IF(ISBLANK(Termine!AV172),"",Termine!AV172) -> Samstag | C361: =IF(ISBLANK(Termine!AW172),"",Termine!AW172) | D361: =IF(ISBLANK(Termine!AY172),"",Termine!AY172) | E361: =IF(ISBLANK(Termine!AZ172),"",Termine!AZ172) | F361: =IF(ISBLANK(Termine!BA172),"",Termine!BA172) | G361: =IF(ISBLANK(Termine!BB172),"",Termine!BB172) | H361: =IF(ISBLANK(Termine!BC172),"",Termine!BC172)
A362: =Termine!AU173 -> 46194 | B362: =IF(ISBLANK(Termine!AV173),"",Termine!AV173) -> Sonntag | C362: =IF(ISBLANK(Termine!AW173),"",Termine!AW173) -> Mo 10:00 | D362: =IF(ISBLANK(Termine!AY173),"",Termine!AY173) -> Güstow bei Prenzlau | E362: =IF(ISBLANK(Termine!AZ173),"",Termine!AZ173) -> 17291 Güstow, Am Lindenberg bei 27a | F362: =IF(ISBLANK(Termine!BA173),"",Termine!BA173) -> Aymen Saoudi 0151 678 458 07 er wird die Schlüssel dabei haben. | G362: =IF(ISBLANK(Termine!BB173),"",Termine!BB173) -> Aktivieren Mod Bus und Testen | H362: =IF(ISBLANK(Termine!BC173),"",Termine!BC173) -> P-24-51
A363: =Termine!AU174 -> 46195 | B363: =IF(ISBLANK(Termine!AV174),"",Termine!AV174) -> Montag | C363: =IF(ISBLANK(Termine!AW174),"",Termine!AW174) -> Mo 13:00 | D363: =IF(ISBLANK(Termine!AY174),"",Termine!AY174) -> Eberswalde Ostend III | E363: =IF(ISBLANK(Termine!AZ174),"",Termine!AZ174) -> Ostender Höhen 70, Eberswalde | F363: =IF(ISBLANK(Termine!BA174),"",Termine!BA174) -> Ringo Bieber 0172 649 11 99 | G363: =IF(ISBLANK(Termine!BB174),"",Termine!BB174) -> Wiederhol. Unterge. Schutz ABB CMUFD | H363: =IF(ISBLANK(Termine!BC174),"",Termine!BC174) -> Trafo 3
A364: =Termine!AU175 -> 46196 | B364: =IF(ISBLANK(Termine!AV175),"",Termine!AV175) -> Dienstag | C364: =IF(ISBLANK(Termine!AW175),"",Termine!AW175) -> Dienstag-2026-03 | D364: =IF(ISBLANK(Termine!AY175),"",Termine!AY175) -> Oldenburg in SH | E364: =IF(ISBLANK(Termine!AZ175),"",Termine!AZ175) -> 23758 Oldenburg, Am Voßberg 1 | F364: =IF(ISBLANK(Termine!BA175),"",Termine!BA175) -> defekter Wandler ersetzt , HH-Sicherungsanlage nur Wandlerprüfung, Trafoschutzauslösung und Auslösung HH-Sicherung durchführen | G364: =IF(ISBLANK(Termine!BB175),"",Termine!BB175) | H364: =IF(ISBLANK(Termine!BC175),"",Termine!BC175)
A365: =Termine!AU176 -> 46197 | B365: =IF(ISBLANK(Termine!AV176),"",Termine!AV176) -> Mittwoch | C365: =IF(ISBLANK(Termine!AW176),"",Termine!AW176) -> 2026-01 | D365: =IF(ISBLANK(Termine!AY176),"",Termine!AY176) -> Haren Prüllage | E365: =IF(ISBLANK(Termine!AZ176),"",Termine!AZ176) -> 49733 Haren, Segberg 10 | F365: =IF(ISBLANK(Termine!BA176),"",Termine!BA176) | G365: =IF(ISBLANK(Termine!BB176),"",Termine!BB176) -> Wiederholungsprüfung | H365: =IF(ISBLANK(Termine!BC176),"",Termine!BC176) -> Auslösung über LWL testen
A366: =Termine!AU177 -> 46198 | B366: =IF(ISBLANK(Termine!AV177),"",Termine!AV177) -> Donnerstag | C366: =IF(ISBLANK(Termine!AW177),"",Termine!AW177) -> Bünde fiel aus | D366: =IF(ISBLANK(Termine!AY177),"",Termine!AY177) | E366: =IF(ISBLANK(Termine!AZ177),"",Termine!AZ177) -> in Bünde Werksprüf. | F366: =IF(ISBLANK(Termine!BA177),"",Termine!BA177) -> Schutz | G366: =IF(ISBLANK(Termine!BB177),"",Termine!BB177) | H366: =IF(ISBLANK(Termine!BC177),"",Termine!BC177) -> Bünde fiel aus
A367: =Termine!AU178 -> 46199 | B367: =IF(ISBLANK(Termine!AV178),"",Termine!AV178) -> Freitag | C367: =IF(ISBLANK(Termine!AW178),"",Termine!AW178) -> Finn Urlaub | D367: =IF(ISBLANK(Termine!AY178),"",Termine!AY178) | E367: =IF(ISBLANK(Termine!AZ178),"",Termine!AZ178) | F367: =IF(ISBLANK(Termine!BA178),"",Termine!BA178) | G367: =IF(ISBLANK(Termine!BB178),"",Termine!BB178) | H367: =IF(ISBLANK(Termine!BC178),"",Termine!BC178)
A368: =Termine!AU179 -> 46200 | B368: =IF(ISBLANK(Termine!AV179),"",Termine!AV179) -> Samstag | C368: =IF(ISBLANK(Termine!AW179),"",Termine!AW179) | D368: =IF(ISBLANK(Termine!AY179),"",Termine!AY179) | E368: =IF(ISBLANK(Termine!AZ179),"",Termine!AZ179) | F368: =IF(ISBLANK(Termine!BA179),"",Termine!BA179) | G368: =IF(ISBLANK(Termine!BB179),"",Termine!BB179) | H368: =IF(ISBLANK(Termine!BC179),"",Termine!BC179)
A369: =Termine!AU180 -> 46201 | B369: =IF(ISBLANK(Termine!AV180),"",Termine!AV180) -> Sonntag | C369: =IF(ISBLANK(Termine!AW180),"",Termine!AW180) | D369: =IF(ISBLANK(Termine!AY180),"",Termine!AY180) -> Heiligenhafen | E369: =IF(ISBLANK(Termine!AZ180),"",Termine!AZ180) | F369: =IF(ISBLANK(Termine!BA180),"",Termine!BA180) | G369: =IF(ISBLANK(Termine!BB180),"",Termine!BB180) -> Wiedereinschaltung | H369: =IF(ISBLANK(Termine!BC180),"",Termine!BC180)
A370: =Termine!AU181 -> 46202 | B370: =IF(ISBLANK(Termine!AV181),"",Termine!AV181) -> Montag | C370: =IF(ISBLANK(Termine!AW181),"",Termine!AW181) -> 13 Uhr !!! Anfahrt im P-24-32 | D370: =IF(ISBLANK(Termine!AY181),"",Termine!AY181) -> Osterburken | E370: =IF(ISBLANK(Termine!AZ181),"",Termine!AZ181) -> 74706 Osterburken , 49.41712220817445, 9.428061845124146 | F370: =IF(ISBLANK(Termine!BA181),"",Termine!BA181) | G370: =IF(ISBLANK(Termine!BB181),"",Termine!BB181) -> Herr Brendel 0172 989 6733 | H370: =IF(ISBLANK(Termine!BC181),"",Termine!BC181) -> Schutzreais umstellen und Prüfung von 3 Stationen
... A404: =Termine!AU215 -> 46236 | B404: =IF(ISBLANK(Termine!AV215),"",Termine!AV215) -> Sonntag | C404: =IF(ISBLANK(Termine!AW215),"",Termine!AW215) | D404: =IF(ISBLANK(Termine!AY215),"",Termine!AY215) | E404: =IF(ISBLANK(Termine!AZ215),"",Termine!AZ215) | F404: =IF(ISBLANK(Termine!BA215),"",Termine!BA215) | G404: =IF(ISBLANK(Termine!BB215),"",Termine!BB215) | H404: =IF(ISBLANK(Termine!BC215),"",Termine!BC215)
A405: =Termine!AU216 -> 46237 | B405: =IF(ISBLANK(Termine!AV216),"",Termine!AV216) -> Montag | C405: =IF(ISBLANK(Termine!AW216),"",Termine!AW216) -> !!7SX80!!, EnbW Schlüssel | D405: =IF(ISBLANK(Termine!BC216),"",Termine!BC216) | E405: =IF(ISBLANK(Termine!AZ216),"",Termine!AZ216) -> Bentwisch 18182 Hansestraße 28 | F405: =IF(ISBLANK(Termine!BA216),"",Termine!BA216) | G405: =IF(ISBLANK(Termine!BB216),"",Termine!BB216) -> Schutz 7SX80 !! , Vorbittest mit Protokoll | H405: =IF(ISBLANK(Termine!BC216),"",Termine!BC216)
A406: =Termine!AU217 -> 46238 | B406: =IF(ISBLANK(Termine!AV217),"",Termine!AV217) -> Dienstag | C406: =IF(ISBLANK(Termine!AW217),"",Termine!AW217) | D406: =IF(ISBLANK(Termine!BC217),"",Termine!BC217) | E406: =IF(ISBLANK(Termine!AZ217),"",Termine!AZ217) | F406: =IF(ISBLANK(Termine!BA217),"",Termine!BA217) | G406: =IF(ISBLANK(Termine!BB217),"",Termine!BB217) | H406: =IF(ISBLANK(Termine!BC217),"",Termine!BC217)
A407: =Termine!AU218 -> 46239 | B407: =IF(ISBLANK(Termine!AV218),"",Termine!AV218) -> Mittwoch | C407: =IF(ISBLANK(Termine!AW218),"",Termine!AW218) | D407: =IF(ISBLANK(Termine!AY218),"",Termine!AY218) -> Seibersbach Gut Marienborn | E407: =IF(ISBLANK(Termine!AZ218),"",Termine!AZ218) -> 55444 Seibersbach, Gut Marienborn 4 | F407: =IF(ISBLANK(Termine!BA218),"",Termine!BA218) | G407: =IF(ISBLANK(Termine!BB218),"",Termine!BB218) -> Stuke F3 + Ziehl | H407: =IF(ISBLANK(Termine!BC218),"",Termine!BC218)
A408: =Termine!AU219 -> 46240 | B408: =IF(ISBLANK(Termine!AV219),"",Termine!AV219) -> Donnerstag | C408: =IF(ISBLANK(Termine!AW219),"",Termine!AW219) -> Rückfahrt? 7 h | D408: =IF(ISBLANK(Termine!AY219),"",Termine!AY219) -> Seibersbach Gut Marienborn | E408: =IF(ISBLANK(Termine!AZ219),"",Termine!AZ219) -> 55444 Seibersbach, Gut Marienborn 4 | F408: =IF(ISBLANK(Termine!BA219),"",Termine!BA219) | G408: =IF(ISBLANK(Termine!BB219),"",Termine!BB219) | H408: =IF(ISBLANK(Termine!BC219),"",Termine!BC219)
A409: =Termine!AU220 -> 46241 | B409: =IF(ISBLANK(Termine!AV220),"",Termine!AV220) -> Freitag | C409: =IF(ISBLANK(Termine!AW220),"",Termine!AW220) | D409: =IF(ISBLANK(Termine!AY220),"",Termine!AY220) | E409: =IF(ISBLANK(Termine!AZ220),"",Termine!AZ220) | F409: =IF(ISBLANK(Termine!BA220),"",Termine!BA220) | G409: =IF(ISBLANK(Termine!BB220),"",Termine!BB220) | H409: =IF(ISBLANK(Termine!BC220),"",Termine!BC220)
A410: =Termine!AU221 -> 46242 | B410: =IF(ISBLANK(Termine!AV221),"",Termine!AV221) -> Samstag | C410: =IF(ISBLANK(Termine!AW221),"",Termine!AW221) | D410: =IF(ISBLANK(Termine!AY221),"",Termine!AY221) | E410: =IF(ISBLANK(Termine!AZ221),"",Termine!AZ221) | F410: =IF(ISBLANK(Termine!BA221),"",Termine!BA221) | G410: =IF(ISBLANK(Termine!BB221),"",Termine!BB221) | H410: =IF(ISBLANK(Termine!BC221),"",Termine!BC221)
A411: =Termine!AU222 -> 46243 | B411: =IF(ISBLANK(Termine!AV222),"",Termine!AV222) -> Sonntag | C411: =IF(ISBLANK(Termine!AW222),"",Termine!AW222) | D411: =IF(ISBLANK(Termine!AY222),"",Termine!AY222) | E411: =IF(ISBLANK(Termine!AZ222),"",Termine!AZ222) | F411: =IF(ISBLANK(Termine!BA222),"",Termine!BA222) | G411: =IF(ISBLANK(Termine!BB222),"",Termine!BB222) | H411: =IF(ISBLANK(Termine!BC222),"",Termine!BC222)
A412: =Termine!AU223 -> 46244 | B412: =IF(ISBLANK(Termine!AV223),"",Termine!AV223) -> Montag | C412: =IF(ISBLANK(Termine!AW223),"",Termine!AW223) | D412: =IF(ISBLANK(Termine!AY223),"",Termine!AY223) -> Wallerstein | E412: =IF(ISBLANK(Termine!AZ223),"",Termine!AZ223) -> 86757 Wallerstein, Ehringen | F412: =IF(ISBLANK(Termine!BA223),"",Termine!BA223) | G412: =IF(ISBLANK(Termine!BB223),"",Termine!BB223) -> Schutzprüfung lt. Angebot | H412: =IF(ISBLANK(Termine!BC223),"",Termine!BC223) -> Bei Jannik Schäfer melden. Tel.: 09826 6585823 Er kommt am 20.07.2026 mit vor Ort wegen der Zugänglichkeit zur Station.
A413: =Termine!AU224 -> 46245 | B413: =IF(ISBLANK(Termine!AV224),"",Termine!AV224) -> Dienstag | C413: =IF(ISBLANK(Termine!AW224),"",Termine!AW224) | D413: =IF(ISBLANK(Termine!AY224),"",Termine!AY224) -> Wallerstein | E413: =IF(ISBLANK(Termine!AZ224),"",Termine!AZ224) -> 86757 Wallerstein, Ehringen | F413: =IF(ISBLANK(Termine!BA224),"",Termine!BA224) | G413: =IF(ISBLANK(Termine!BB224),"",Termine!BB224) -> Schutzprüfung mit Wandlerprüfung komplett !!!! | H413: =IF(ISBLANK(Termine!BC224),"",Termine!BC224)
A414: =Termine!AU225 -> 46246 | B414: =IF(ISBLANK(Termine!AV225),"",Termine!AV225) -> Mittwoch | C414: =IF(ISBLANK(Termine!AW225),"",Termine!AW225) -> 3 Stationen ÜST | D414: =IF(ISBLANK(Termine!AY225),"",Termine!AY225) -> Langenaltheim | E414: =IF(ISBLANK(Termine!AZ225),"",Termine!AZ225) -> 91799 Langenaltheim, Obere Hardt 7023a | F414: =IF(ISBLANK(Termine!BA225),"",Termine!BA225) | G414: =IF(ISBLANK(Termine!BB225),"",Termine!BB225) -> besondere IP Adressen Janitza und SPS | H414: =IF(ISBLANK(Termine!BC225),"",Termine!BC225) -> StukeF3; Rücksprache mit Gunnar bzgl Compass in ÜST
A415: =Termine!AU226 -> 46247 | B415: =IF(ISBLANK(Termine!AV226),"",Termine!AV226) -> Donnerstag | C415: =IF(ISBLANK(Termine!AW226),"",Termine!AW226) -> TrSt1 u. TrSt 2 | D415: =IF(ISBLANK(Termine!AY226),"",Termine!AY226) -> Langenaltheim | E415: =IF(ISBLANK(Termine!AZ226),"",Termine!AZ226) -> 91799 Langenaltheim, Obere Hardt 7023a | F415: =IF(ISBLANK(Termine!BA226),"",Termine!BA226) | G415: =IF(ISBLANK(Termine!BB226),"",Termine!BB226) -> IKI-30, DIP Schalter; ohne Prüfung, wichtige Hinweise im Projektordner | H415: =IF(ISBLANK(Termine!BC226),"",Termine!BC226) -> Rücksprache mit Gunnar bzgl Compass in ÜST
A416: =Termine!AU227 -> 46248 | B416: =IF(ISBLANK(Termine!AV227),"",Termine!AV227) -> Freitag | C416: =IF(ISBLANK(Termine!AW227),"",Termine!AW227) -> IP Adressen beachten | D416: =IF(ISBLANK(Termine!AY227),"",Termine!AY227) -> Langenaltheim | E416: =IF(ISBLANK(Termine!AZ227),"",Termine!AZ227) -> 91799 Langenaltheim, Obere Hardt 7023a | F416: =IF(ISBLANK(Termine!BA227),"",Termine!BA227) | G416: =IF(ISBLANK(Termine!BB227),"",Termine!BB227) | H416: =IF(ISBLANK(Termine!BC227),"",Termine!BC227) -> CM-UFD-M31 mit Isowächter
A417: =Termine!AU228 -> 46249 | B417: =IF(ISBLANK(Termine!AV228),"",Termine!AV228) -> Samstag | C417: =IF(ISBLANK(Termine!AW228),"",Termine!AW228) | D417: =IF(ISBLANK(Termine!AY228),"",Termine!AY228) | E417: =IF(ISBLANK(Termine!AZ228),"",Termine!AZ228) | F417: =IF(ISBLANK(Termine!BA228),"",Termine!BA228) | G417: =IF(ISBLANK(Termine!BB228),"",Termine!BB228) | H417: =IF(ISBLANK(Termine!BC228),"",Termine!BC228)
A418: =Termine!AU229 -> 46250 | B418: =IF(ISBLANK(Termine!AV229),"",Termine!AV229) -> Sonntag | C418: =IF(ISBLANK(Termine!AW229),"",Termine!AW229) | D418: =IF(ISBLANK(Termine!AY229),"",Termine!AY229) | E418: =IF(ISBLANK(Termine!AZ229),"",Termine!AZ229) | F418: =IF(ISBLANK(Termine!BA229),"",Termine!BA229) | G418: =IF(ISBLANK(Termine!BB229),"",Termine!BB229) | H418: =IF(ISBLANK(Termine!BC229),"",Termine!BC229)
... A1523: =Termine!AU1334 -> 0 | B1523: =IF(ISBLANK(Termine!AV1334),"",Termine!AV1334) | C1523: =IF(ISBLANK(Termine!AW1334),"",Termine!AW1334) | D1523: =IF(ISBLANK(Termine!AY1334),"",Termine!AY1334) | E1523: =IF(ISBLANK(Termine!AZ1334),"",Termine!AZ1334) | F1523: =IF(ISBLANK(Termine!BA1334),"",Termine!BA1334) | G1523: =IF(ISBLANK(Termine!BB1334),"",Termine!BB1334) | H1523: =IF(ISBLANK(Termine!BC1334),"",Termine!BC1334)

Sheet Basti
B1: =IF(ISBLANK(Termine!BK1),"",Termine!BK1) -> Wochentag | C1: =IF(ISBLANK(Termine!BL1),"",Termine!BL1) -> Sebastian Wendt | D1: =IF(ISBLANK(Termine!BM1),"",Termine!BM1) -> Kunde6 | E1: =IF(ISBLANK(Termine!BN1),"",Termine!BN1) -> Projekt6 | F1: =IF(ISBLANK(Termine!BO1),"",Termine!BO1) -> Adresse | G1: =IF(ISBLANK(Termine!BP1),"",Termine!BP1) -> Ansprechpartner | H1: =IF(ISBLANK(Termine!BQ1),"",Termine!BQ1) -> Auftrag | I1: =IF(ISBLANK(Termine!BR1),"",Termine!BR1) -> Bemerkungen
A2: =termine!#ref! -> #NAME? | B2: =IF(ISBLANK(termine!#ref!),"",termine!#ref!) -> #NAME? | C2: =IF(ISBLANK(termine!#ref!),"",termine!#ref!) -> #NAME? | D2: =IF(ISBLANK(termine!#ref!),"",termine!#ref!) -> #NAME? | E2: =IF(ISBLANK(termine!#ref!),"",termine!#ref!) -> #NAME? | F2: =IF(ISBLANK(termine!#ref!),"",termine!#ref!) -> #NAME? | G2: =IF(ISBLANK(termine!#ref!),"",termine!#ref!) -> #NAME? | H2: =IF(ISBLANK(termine!#ref!),"",termine!#ref!) -> #NAME? | I2: =IF(ISBLANK(termine!#ref!),"",termine!#ref!) -> #NAME?
A3: =termine!#ref! -> #NAME? | B3: =IF(ISBLANK(termine!#ref!),"",termine!#ref!) -> #NAME? | C3: =IF(ISBLANK(termine!#ref!),"",termine!#ref!) -> #NAME? | D3: =IF(ISBLANK(termine!#ref!),"",termine!#ref!) -> #NAME? | E3: =IF(ISBLANK(termine!#ref!),"",termine!#ref!) -> #NAME? | F3: =IF(ISBLANK(termine!#ref!),"",termine!#ref!) -> #NAME? | G3: =IF(ISBLANK(termine!#ref!),"",termine!#ref!) -> #NAME? | H3: =IF(ISBLANK(termine!#ref!),"",termine!#ref!) -> #NAME? | I3: =IF(ISBLANK(termine!#ref!),"",termine!#ref!) -> #NAME?
A4: =termine!#ref! -> #NAME? | B4: =IF(ISBLANK(termine!#ref!),"",termine!#ref!) -> #NAME? | C4: =IF(ISBLANK(termine!#ref!),"",termine!#ref!) -> #NAME? | D4: =IF(ISBLANK(termine!#ref!),"",termine!#ref!) -> #NAME? | E4: =IF(ISBLANK(termine!#ref!),"",termine!#ref!) -> #NAME? | F4: =IF(ISBLANK(termine!#ref!),"",termine!#ref!) -> #NAME? | G4: =IF(ISBLANK(termine!#ref!),"",termine!#ref!) -> #NAME? | H4: =IF(ISBLANK(termine!#ref!),"",termine!#ref!) -> #NAME? | I4: =IF(ISBLANK(termine!#ref!),"",termine!#ref!) -> #NAME?
A5: =termine!#ref! -> #NAME? | B5: =IF(ISBLANK(termine!#ref!),"",termine!#ref!) -> #NAME? | C5: =IF(ISBLANK(termine!#ref!),"",termine!#ref!) -> #NAME? | D5: =IF(ISBLANK(termine!#ref!),"",termine!#ref!) -> #NAME? | E5: =IF(ISBLANK(termine!#ref!),"",termine!#ref!) -> #NAME? | F5: =IF(ISBLANK(termine!#ref!),"",termine!#ref!) -> #NAME? | G5: =IF(ISBLANK(termine!#ref!),"",termine!#ref!) -> #NAME? | H5: =IF(ISBLANK(termine!#ref!),"",termine!#ref!) -> #NAME? | I5: =IF(ISBLANK(termine!#ref!),"",termine!#ref!) -> #NAME?
A6: =termine!#ref! -> #NAME? | B6: =IF(ISBLANK(termine!#ref!),"",termine!#ref!) -> #NAME? | C6: =IF(ISBLANK(termine!#ref!),"",termine!#ref!) -> #NAME? | D6: =IF(ISBLANK(termine!#ref!),"",termine!#ref!) -> #NAME? | E6: =IF(ISBLANK(termine!#ref!),"",termine!#ref!) -> #NAME? | F6: =IF(ISBLANK(termine!#ref!),"",termine!#ref!) -> #NAME? | G6: =IF(ISBLANK(termine!#ref!),"",termine!#ref!) -> #NAME? | H6: =IF(ISBLANK(termine!#ref!),"",termine!#ref!) -> #NAME? | I6: =IF(ISBLANK(termine!#ref!),"",termine!#ref!) -> #NAME?
A7: =termine!#ref! -> #NAME? | B7: =IF(ISBLANK(termine!#ref!),"",termine!#ref!) -> #NAME? | C7: =IF(ISBLANK(termine!#ref!),"",termine!#ref!) -> #NAME? | D7: =IF(ISBLANK(termine!#ref!),"",termine!#ref!) -> #NAME? | E7: =IF(ISBLANK(termine!#ref!),"",termine!#ref!) -> #NAME? | F7: =IF(ISBLANK(termine!#ref!),"",termine!#ref!) -> #NAME? | G7: =IF(ISBLANK(termine!#ref!),"",termine!#ref!) -> #NAME? | H7: =IF(ISBLANK(termine!#ref!),"",termine!#ref!) -> #NAME? | I7: =IF(ISBLANK(termine!#ref!),"",termine!#ref!) -> #NAME?
A8: =termine!#ref! -> #NAME? | B8: =IF(ISBLANK(termine!#ref!),"",termine!#ref!) -> #NAME? | C8: =IF(ISBLANK(termine!#ref!),"",termine!#ref!) -> #NAME? | D8: =IF(ISBLANK(termine!#ref!),"",termine!#ref!) -> #NAME? | E8: =IF(ISBLANK(termine!#ref!),"",termine!#ref!) -> #NAME? | F8: =IF(ISBLANK(termine!#ref!),"",termine!#ref!) -> #NAME? | G8: =IF(ISBLANK(termine!#ref!),"",termine!#ref!) -> #NAME? | H8: =IF(ISBLANK(termine!#ref!),"",termine!#ref!) -> #NAME? | I8: =IF(ISBLANK(termine!#ref!),"",termine!#ref!) -> #NAME?
A9: =termine!#ref! -> #NAME? | B9: =IF(ISBLANK(termine!#ref!),"",termine!#ref!) -> #NAME? | C9: =IF(ISBLANK(termine!#ref!),"",termine!#ref!) -> #NAME? | D9: =IF(ISBLANK(termine!#ref!),"",termine!#ref!) -> #NAME? | E9: =IF(ISBLANK(termine!#ref!),"",termine!#ref!) -> #NAME? | F9: =IF(ISBLANK(termine!#ref!),"",termine!#ref!) -> #NAME? | G9: =IF(ISBLANK(termine!#ref!),"",termine!#ref!) -> #NAME? | H9: =IF(ISBLANK(termine!#ref!),"",termine!#ref!) -> #NAME? | I9: =IF(ISBLANK(termine!#ref!),"",termine!#ref!) -> #NAME?
A10: =termine!#ref! -> #NAME? | B10: =IF(ISBLANK(termine!#ref!),"",termine!#ref!) -> #NAME? | C10: =IF(ISBLANK(termine!#ref!),"",termine!#ref!) -> #NAME? | D10: =IF(ISBLANK(termine!#ref!),"",termine!#ref!) -> #NAME? | E10: =IF(ISBLANK(termine!#ref!),"",termine!#ref!) -> #NAME? | F10: =IF(ISBLANK(termine!#ref!),"",termine!#ref!) -> #NAME? | G10: =IF(ISBLANK(termine!#ref!),"",termine!#ref!) -> #NAME? | H10: =IF(ISBLANK(termine!#ref!),"",termine!#ref!) -> #NAME? | I10: =IF(ISBLANK(termine!#ref!),"",termine!#ref!) -> #NAME?
A11: =termine!#ref! -> #NAME? | B11: =IF(ISBLANK(termine!#ref!),"",termine!#ref!) -> #NAME? | C11: =IF(ISBLANK(termine!#ref!),"",termine!#ref!) -> #NAME? | D11: =IF(ISBLANK(termine!#ref!),"",termine!#ref!) -> #NAME? | E11: =IF(ISBLANK(termine!#ref!),"",termine!#ref!) -> #NAME? | F11: =IF(ISBLANK(termine!#ref!),"",termine!#ref!) -> #NAME? | G11: =IF(ISBLANK(termine!#ref!),"",termine!#ref!) -> #NAME? | H11: =IF(ISBLANK(termine!#ref!),"",termine!#ref!) -> #NAME? | I11: =IF(ISBLANK(termine!#ref!),"",termine!#ref!) -> #NAME?
A12: =termine!#ref! -> #NAME? | B12: =IF(ISBLANK(termine!#ref!),"",termine!#ref!) -> #NAME? | C12: =IF(ISBLANK(termine!#ref!),"",termine!#ref!) -> #NAME? | D12: =IF(ISBLANK(termine!#ref!),"",termine!#ref!) -> #NAME? | E12: =IF(ISBLANK(termine!#ref!),"",termine!#ref!) -> #NAME? | F12: =IF(ISBLANK(termine!#ref!),"",termine!#ref!) -> #NAME? | G12: =IF(ISBLANK(termine!#ref!),"",termine!#ref!) -> #NAME? | H12: =IF(ISBLANK(termine!#ref!),"",termine!#ref!) -> #NAME? | I12: =IF(ISBLANK(termine!#ref!),"",termine!#ref!) -> #NAME?
A13: =termine!#ref! -> #NAME? | B13: =IF(ISBLANK(termine!#ref!),"",termine!#ref!) -> #NAME? | C13: =IF(ISBLANK(termine!#ref!),"",termine!#ref!) -> #NAME? | D13: =IF(ISBLANK(termine!#ref!),"",termine!#ref!) -> #NAME? | E13: =IF(ISBLANK(termine!#ref!),"",termine!#ref!) -> #NAME? | F13: =IF(ISBLANK(termine!#ref!),"",termine!#ref!) -> #NAME? | G13: =IF(ISBLANK(termine!#ref!),"",termine!#ref!) -> #NAME? | H13: =IF(ISBLANK(termine!#ref!),"",termine!#ref!) -> #NAME? | I13: =IF(ISBLANK(termine!#ref!),"",termine!#ref!) -> #NAME?
... A190: =termine!#ref! -> #NAME? | B190: =IF(ISBLANK(termine!#ref!),"",termine!#ref!) -> #NAME? | C190: =IF(ISBLANK(termine!#ref!),"",termine!#ref!) -> #NAME? | D190: =IF(ISBLANK(termine!#ref!),"",termine!#ref!) -> #NAME? | E190: =IF(ISBLANK(termine!#ref!),"",termine!#ref!) -> #NAME? | F190: =IF(ISBLANK(termine!#ref!),"",termine!#ref!) -> #NAME? | G190: =IF(ISBLANK(termine!#ref!),"",termine!#ref!) -> #NAME? | H190: =IF(ISBLANK(termine!#ref!),"",termine!#ref!) -> #NAME? | I190: =IF(ISBLANK(termine!#ref!),"",termine!#ref!) -> #NAME?
A191: =Termine!AU2 -> 46023 | B191: =IF(ISBLANK(Termine!AV2),"",Termine!AV2) -> Donnerstag | C191: =IF(ISBLANK(Termine!AW2),"",Termine!AW2) -> Feiertag | D191: =IF(ISBLANK(Termine!AY2),"",Termine!AY2) | E191: =IF(ISBLANK(Termine!AZ2),"",Termine!AZ2) | F191: =IF(ISBLANK(Termine!BA2),"",Termine!BA2) | G191: =IF(ISBLANK(Termine!BB2),"",Termine!BB2) | H191: =IF(ISBLANK(Termine!BC2),"",Termine!BC2) | I191: =IF(ISBLANK(Termine!BD2),"",Termine!BD2)
A192: =Termine!AU3 -> 46024 | B192: =IF(ISBLANK(Termine!AV3),"",Termine!AV3) -> Freitag | C192: =IF(ISBLANK(Termine!AW3),"",Termine!AW3) -> frei | D192: =IF(ISBLANK(Termine!AY3),"",Termine!AY3) | E192: =IF(ISBLANK(Termine!AZ3),"",Termine!AZ3) | F192: =IF(ISBLANK(Termine!BA3),"",Termine!BA3) | G192: =IF(ISBLANK(Termine!BB3),"",Termine!BB3) | H192: =IF(ISBLANK(Termine!BC3),"",Termine!BC3) | I192: =IF(ISBLANK(Termine!BD3),"",Termine!BD3)
